market,month,lastDate,recommendationStage,legacyRecommendationStage,baselineStage,mirofishStage,confidenceTier,confidenceRank,symbol,code,name,marketType,setupScore,mirofishAdjustedScore,mirofishScore,mirofishLabel,mirofishBonus,mirofishConfidence,mirofishConsensusStrength,mirofishDisagreement,mirofishAgentScores,passesBaseline,passesMirofish,monthlyReturn,relativeReturn,volumeRatio,recentVolumeRatio,mfi,mfiReversalRisk,monthHighDrawdown,recentWorstDailyReturn,eventPriceLockRisk,speculativeBiotechRisk,next1wReturn,next1wReturnExcess,next1mReturn,next1mReturnExcess,next3mReturn,next3mReturnExcess,next6mReturn,next6mReturnExcess
kr,2026-01,2026-01-30,watch,watch,watch,watch,,0,489790.KS,489790,한화비전,KOSPI,100,100,0.3066,중립,7,0.7273,0.745,0.0273,"{""macro"":0.2125,""growth"":0.1807,""semiconductor"":0.2583,""korea"":0.2554,""risk"":0.2458}",true,true,37.64,13.67,2.05,2.57,83.57,false,-4.04,-3.88,false,false,8.09,10.68,38.83,31.93,34.3,-9.06,,
kr,2026-02,2026-02-27,watch,watch,watch,watch,,0,489790.KS,489790,한화비전,KOSPI,88,91,0.1316,중립,3,0.603,0.6053,0.0513,"{""macro"":0.0961,""growth"":-0.0016,""semiconductor"":-0.0528,""korea"":0.099,""risk"":0.0368}",true,true,64.23,38.08,3.29,4.99,87.33,false,-9.53,-5.72,false,false,-6.91,8.98,-16.86,2.22,-20.73,-61.68,,
kr,2026-05,2026-05-29,watch,watch,watch,watch,,0,064400.KS,064400,LG씨엔에스,KOSPI,100,100,0.5179,순풍,12,0.8203,0.8579,0.0447,"{""macro"":0.4579,""growth"":0.4481,""semiconductor"":0.5957,""korea"":0.4498,""risk"":0.4937}",true,true,70.1,41.97,2.47,3.29,82.45,false,0,-7.4,false,false,-6.41,5.29,,,,,,
kr,2025-10,2025-10-31,watch,watch,watch,watch,,0,417200.KQ,417200,LS머트리얼즈,KOSDAQ,100,100,0.4398,순풍,7,0.7425,0.7702,0.057,"{""macro"":0.3218,""growth"":0.2999,""semiconductor"":0.4298,""korea"":0.4416,""risk"":0.3247}",true,true,34.81,29.19,3.8,8.28,92.82,false,-2.69,-1.15,false,false,-2.99,-0.36,-12.31,-14.75,19.03,-2.95,98.51,64.38
kr,2026-01,2026-01-30,watch,watch,watch,watch,,0,417200.KQ,417200,LS머트리얼즈,KOSDAQ,100,100,0.3066,중립,7,0.7273,0.745,0.0273,"{""macro"":0.2125,""growth"":0.1807,""semiconductor"":0.2583,""korea"":0.2554,""risk"":0.2458}",true,true,42.28,18.08,2.23,4.51,93.42,false,-2.09,2.88,false,false,-17.83,-11.86,-2.37,-2.82,55.22,50.89,,
kr,2026-03,2026-03-31,watch,watch,watch,watch,,0,475150.KS,475150,SK이터닉스,KOSPI,88,88,0.009,중립,0,0.5829,0.5829,0.0555,"{""macro"":0.0344,""growth"":0.0336,""semiconductor"":0.0329,""korea"":-0.1513,""risk"":0.0251}",true,true,88.54,107.63,4.76,1.9,85.42,false,-18.96,-6.27,false,false,7.73,-1.02,8.66,-23.77,,,,
kr,2025-01,2025-01-31,watch,watch,watch,watch,,0,437730.KQ,437730,삼현,KOSDAQ,100,100,0.082,중립,0,0.6201,0.6209,0.0331,"{""macro"":-0.0216,""growth"":0.027,""semiconductor"":-0.0675,""korea"":0.0082,""risk"":0.0315}",true,true,98.87,91.79,9.07,4.34,92.94,false,-5.93,0.1,false,false,6.47,4.46,16.25,14.93,6.63,7.51,-2.18,-11.84
kr,2025-02,2025-02-28,watch,watch,watch,watch,,0,457190.KS,457190,이수스페셜티케미컬,KOSPI,100,100,-0.0311,중립,0,0.5958,0.6004,0.0664,"{""macro"":-0.0206,""growth"":-0.0086,""semiconductor"":-0.0957,""korea"":-0.2022,""risk"":0.0034}",true,true,86.59,86.75,2.01,3.57,100,false,-4.19,0.18,false,false,-18.44,-19.92,-32.03,-31.58,-35.31,-44.71,-30.94,-56.67
kr,2026-01,2026-01-30,watch,watch,watch,watch,,0,457190.KS,457190,이수스페셜티케미컬,KOSPI,100,100,0.3066,중립,7,0.7273,0.745,0.0273,"{""macro"":0.2125,""growth"":0.1807,""semiconductor"":0.2583,""korea"":0.2554,""risk"":0.2458}",true,true,79.73,55.76,3.12,2.07,86.58,false,-5.84,-1.79,false,false,-6.02,-3.43,-1.22,-8.12,10.62,-32.75,,
kr,2026-01,2026-01-30,watch,watch,watch,watch,,0,420770.KQ,420770,기가비스,KOSDAQ,88,95,0.3066,중립,7,0.7273,0.745,0.0273,"{""macro"":0.2125,""growth"":0.1807,""semiconductor"":0.2583,""korea"":0.2554,""risk"":0.2458}",true,true,71.11,46.91,3.64,2.42,89.55,false,-15.12,-2.88,false,false,8.53,14.51,32.28,31.83,94.81,90.48,,
kr,2026-01,2026-01-30,watch,watch,watch,watch,,0,403870.KQ,403870,HPSP,KOSDAQ,100,100,0.3066,중립,7,0.7273,0.745,0.0273,"{""macro"":0.2125,""growth"":0.1807,""semiconductor"":0.2583,""korea"":0.2554,""risk"":0.2458}",true,true,38.81,14.61,4.35,4.3,87.92,false,-4.71,0.8,false,false,-1.4,4.58,2.9,2.45,17.63,13.31,,
kr,2026-01,2026-01-30,watch,watch,watch,watch,,0,347700.KQ,347700,스피어,KOSDAQ,100,100,0.3066,중립,7,0.7273,0.745,0.0273,"{""macro"":0.2125,""growth"":0.1807,""semiconductor"":0.2583,""korea"":0.2554,""risk"":0.2458}",true,true,98.83,74.63,4.54,2.69,81.42,false,-5.88,-2.81,false,false,37.32,43.29,70.22,69.77,49.08,44.75,,
kr,2025-10,2025-10-31,watch,watch,watch,watch,,0,277810.KQ,277810,레인보우로보틱스,KOSDAQ,100,100,0.4398,순풍,7,0.7425,0.7702,0.057,"{""macro"":0.3218,""growth"":0.2999,""semiconductor"":0.4298,""korea"":0.4416,""risk"":0.3247}",true,true,36.62,31,2.03,3.36,84.62,false,-3.75,0.29,false,false,-7.33,-4.71,-2.52,-4.96,63.12,41.13,79.61,45.48
kr,2026-01,2026-01-30,watch,watch,watch,watch,,0,277810.KQ,277810,레인보우로보틱스,KOSDAQ,88,95,0.3066,중립,7,0.7273,0.745,0.0273,"{""macro"":0.2125,""growth"":0.1807,""semiconductor"":0.2583,""korea"":0.2554,""risk"":0.2458}",true,true,54.73,30.53,1.88,2.94,90.23,false,-7.26,-4.27,false,false,-9.62,-3.64,14.29,13.83,-4.26,-8.59,,
kr,2025-11,2025-11-28,watch,watch,watch,watch,,0,326030.KS,326030,에스케이바이오팜,KOSPI,88,95,0.3665,순풍,7,0.7733,0.7979,0.0224,"{""macro"":0.3054,""growth"":0.3431,""semiconductor"":0.3117,""korea"":0.2821,""risk"":0.3483}",true,true,23.28,27.2,1.95,2.09,80.74,false,-2.98,-1.14,false,false,-4.15,-8.57,-10.87,-18.2,-26.39,-68.63,-34.26,-140.47
kr,2025-07,2025-07-31,watch,watch,watch,watch,,0,357780.KQ,357780,솔브레인,KOSDAQ,88,88,0.0592,중립,0,0.6335,0.6365,0.0315,"{""macro"":-0.0018,""growth"":-0.0427,""semiconductor"":-0.1172,""korea"":-0.0016,""risk"":-0.0409}",true,true,30.49,27.55,1.85,4.18,82.53,false,-6.86,-4.43,false,false,-1.68,-1.75,-12.84,-10.33,14.11,2.1,73.05,35.4
kr,2025-07,2025-07-31,watch,watch,watch,watch,,0,353200.KS,353200,대덕전자,KOSPI,100,100,0.0293,중립,0,0.6335,0.6365,0.0315,"{""macro"":-0.0018,""growth"":-0.0427,""semiconductor"":-0.1172,""korea"":-0.0016,""risk"":-0.0409}",true,true,40.09,34.55,2.11,5.96,93.64,false,-3.43,-1.93,false,false,-6.9,-6.36,-1.26,1.9,80.75,57.37,145.19,86.09
kr,2025-05,2025-05-30,watch,watch,watch,watch,,0,322000.KS,322000,HD현대에너지솔루션,KOSPI,88,95,0.2835,중립,7,0.7483,0.7675,0.0185,"{""macro"":0.2471,""growth"":0.2517,""semiconductor"":0.2542,""korea"":0.1969,""risk"":0.2806}",true,true,66.38,60.54,5.51,4.01,84.41,false,-16.09,-11.47,false,false,-1.04,-7.49,-7.15,-21.14,-12.02,-28.53,10.88,-38.45
kr,2026-02,2026-02-27,watch,watch,watch,watch,,0,322000.KS,322000,HD현대에너지솔루션,KOSPI,100,100,0.1231,중립,3,0.603,0.6053,0.0513,"{""macro"":0.0961,""growth"":-0.0016,""semiconductor"":-0.0528,""korea"":0.099,""risk"":0.0368}",true,true,89.44,63.28,8.73,4.89,85.6,false,0,-5.91,false,false,1.83,17.72,33.75,52.83,56.83,15.87,,
kr,2026-03,2026-03-31,confirmed,confirmed,confirmed,confirmed,high,2,322000.KS,322000,HD현대에너지솔루션,KOSPI,100,100,0.0151,중립,0,0.5829,0.5829,0.0555,"{""macro"":0.0344,""growth"":0.0336,""semiconductor"":0.0329,""korea"":-0.1513,""risk"":0.0251}",true,true,33.75,52.83,6.55,2.06,90.94,false,-7.82,-4.2,false,false,21.35,12.6,54.92,22.5,,,,
kr,2026-01,2026-01-30,watch,watch,watch,watch,,0,323280.KQ,323280,태성,KOSDAQ,96,100,0.3066,중립,7,0.7273,0.745,0.0273,"{""macro"":0.2125,""growth"":0.1807,""semiconductor"":0.2583,""korea"":0.2554,""risk"":0.2458}",true,true,67.19,42.99,1.5,2.45,88.61,false,-3.25,0.56,false,false,-1.61,4.36,3.36,2.91,6.72,2.39,,
kr,2025-08,2025-08-29,watch,watch,watch,watch,,0,336260.KS,336260,두산퓨얼셀,KOSPI,100,100,0.0921,중립,0,0.6265,0.6281,0.0317,"{""macro"":0.088,""growth"":0.0194,""semiconductor"":-0.0323,""korea"":0.0061,""risk"":0.0436}",true,true,18.18,20.29,2.28,3.03,88.07,false,-8.77,-2.36,false,false,-12.41,-13.01,1.92,-5.77,12.06,-14.63,43.71,-32.37
kr,2025-10,2025-10-31,watch,watch,watch,watch,,0,336260.KS,336260,두산퓨얼셀,KOSPI,88,95,0.4398,순풍,7,0.7425,0.7702,0.057,"{""macro"":0.3218,""growth"":0.2999,""semiconductor"":0.4298,""korea"":0.4416,""risk"":0.3247}",true,true,46.48,28.15,2.85,6.48,88.2,false,-7.17,-2.73,false,false,-14.87,-11.13,-26.7,-22.14,-25.06,-45.56,102.11,19.56
kr,2026-01,2026-01-30,watch,watch,watch,watch,,0,319660.KQ,319660,피에스케이,KOSDAQ,94,100,0.3066,중립,7,0.7273,0.745,0.0273,"{""macro"":0.2125,""growth"":0.1807,""semiconductor"":0.2583,""korea"":0.2554,""risk"":0.2458}",true,true,66.67,42.47,1.29,2.17,81.03,false,-4.95,1.68,false,false,-10.08,-4.11,16.1,15.64,73.17,68.84,,
kr,2025-12,2025-12-30,watch,watch,watch,watch,,0,319400.KQ,319400,현대무벡스,KOSDAQ,88,95,0.3095,중립,7,0.7373,0.7566,0.0251,"{""macro"":0.2821,""growth"":0.2363,""semiconductor"":0.2256,""korea"":0.2308,""risk"":0.2859}",true,true,99.68,98.28,5.05,3.36,96.04,true,-9.66,-7.67,false,false,19.48,17.47,77.75,53.55,34.38,21.21,,
kr,2026-01,2026-01-30,watch,watch,watch,watch,,0,100790.KQ,100790,미래에셋벤처투자,KOSDAQ,88,95,0.3066,중립,7,0.7273,0.745,0.0273,"{""macro"":0.2125,""growth"":0.1807,""semiconductor"":0.2583,""korea"":0.2554,""risk"":0.2458}",true,true,41.37,17.16,2.37,3.74,85.69,false,-9.04,-8.33,false,false,40.06,46.03,26.7,26.25,204.55,200.22,,
kr,2026-03,2026-03-31,watch,watch,watch,watch,,0,100790.KQ,100790,미래에셋벤처투자,KOSDAQ,88,88,0.009,중립,0,0.5829,0.5829,0.0555,"{""macro"":0.0344,""growth"":0.0336,""semiconductor"":0.0329,""korea"":-0.1513,""risk"":0.0251}",true,true,22.43,34.2,1.85,4.76,81.05,false,-19.06,-10.54,false,false,-0.37,1.11,113.08,97.13,,,,
kr,2025-01,2025-01-31,watch,watch,watch,watch,,0,108490.KQ,108490,로보티즈,KOSDAQ,100,100,0.082,중립,0,0.6201,0.6209,0.0331,"{""macro"":-0.0216,""growth"":0.027,""semiconductor"":-0.0675,""korea"":0.0082,""risk"":0.0315}",true,true,104.59,97.5,15.75,6.6,86.27,false,-2.53,-3.44,false,false,-11.57,-13.58,-24.09,-25.4,-19.48,-18.6,94.33,84.68
kr,2025-09,2025-09-30,watch,watch,watch,watch,,0,108490.KQ,108490,로보티즈,KOSDAQ,100,100,0.313,중립,7,0.7176,0.7399,0.0504,"{""macro"":0.2579,""growth"":0.2708,""semiconductor"":0.4123,""korea"":0.2157,""risk"":0.2942}",true,true,87.74,80.48,3.19,2.42,84.13,false,-3.78,-5.88,false,false,15.31,14.6,50.9,43.79,58.37,45.85,52.77,22.88
kr,2025-03,2025-03-31,watch,watch,watch,watch,,0,089970.KQ,089970,브이엠,KOSDAQ,88,84,-0.2475,중립,-4,0.7366,0.7628,0.055,"{""macro"":-0.2833,""growth"":-0.3154,""semiconductor"":-0.3787,""korea"":-0.4523,""risk"":-0.297}",true,true,17.51,30.22,2.66,2.69,89.05,false,-8.64,-3.23,false,false,-10.79,-7.59,10.53,2.56,11.78,-6.13,60.57,34.94
kr,2025-09,2025-09-30,confirmed,confirmed,confirmed,confirmed,standard,1,089970.KQ,089970,브이엠,KOSDAQ,88,95,0.313,중립,7,0.7176,0.7399,0.0504,"{""macro"":0.2579,""growth"":0.2708,""semiconductor"":0.4123,""korea"":0.2157,""risk"":0.2942}",true,true,40,32.74,4.85,2.14,89.13,false,-7.89,-4.85,false,false,21.14,20.43,36,28.89,73.71,61.2,162.86,132.97
kr,2025-02,2025-02-28,watch,watch,watch,watch,,0,226950.KQ,226950,올릭스,KOSDAQ,100,100,-0.0311,중립,0,0.5958,0.6004,0.0664,"{""macro"":-0.0206,""growth"":-0.0086,""semiconductor"":-0.0957,""korea"":-0.2022,""risk"":0.0034}",true,true,316.43,314.34,3.1,2.84,84.91,false,-1.51,0.18,false,false,-21.94,-19.5,-30.19,-23.13,-12.07,-12.91,38.78,31.67
kr,2026-01,2026-01-30,watch,watch,watch,watch,,0,281740.KQ,281740,레이크머티리얼즈,KOSDAQ,100,100,0.3066,중립,7,0.7273,0.745,0.0273,"{""macro"":0.2125,""growth"":0.1807,""semiconductor"":0.2583,""korea"":0.2554,""risk"":0.2458}",true,true,81.36,57.16,5.45,7.36,96.79,false,-5.98,0.61,false,false,-12.34,-6.36,-15.89,-16.34,-14.77,-19.09,,
kr,2026-01,2026-01-30,watch,watch,watch,watch,,0,298020.KS,298020,효성티앤씨,KOSPI,88,95,0.3066,중립,7,0.7273,0.745,0.0273,"{""macro"":0.2125,""growth"":0.1807,""semiconductor"":0.2583,""korea"":0.2554,""risk"":0.2458}",true,true,69.66,45.69,4.56,2.68,81.19,false,-6.79,-4.43,false,false,1.99,4.58,-13.38,-20.28,27.95,-15.42,,
kr,2025-11,2025-11-28,watch,watch,watch,watch,,0,950160.KQ,950160,코오롱티슈진,KOSDAQ,100,100,0.3665,순풍,7,0.7733,0.7979,0.0224,"{""macro"":0.3054,""growth"":0.3431,""semiconductor"":0.3117,""korea"":0.2821,""risk"":0.3483}",true,true,94.75,92.31,2.43,3.43,91.83,false,-3.39,-2.48,false,false,-6.32,-7.65,-6.79,-8.19,32.32,5.8,20.49,14.45
kr,2025-05,2025-05-30,confirmed,confirmed,confirmed,confirmed,high,2,003380.KQ,003380,하림지주,KOSDAQ,100,100,0.295,중립,7,0.7483,0.7675,0.0185,"{""macro"":0.2471,""growth"":0.2517,""semiconductor"":0.2542,""korea"":0.1969,""risk"":0.2806}",true,true,44.44,42.37,3.62,3.3,94.49,false,-1.83,-3.4,false,false,6.29,1.28,18.18,11.67,-1.86,-8.76,6.76,-19.86
kr,2026-01,2026-01-30,watch,watch,watch,watch,,0,003380.KQ,003380,하림지주,KOSDAQ,100,100,0.3066,중립,7,0.7273,0.745,0.0273,"{""macro"":0.2125,""growth"":0.1807,""semiconductor"":0.2583,""korea"":0.2554,""risk"":0.2458}",true,true,35.65,11.45,2.64,4.92,82.64,false,-9.48,-3.98,false,false,7.14,13.12,11.65,11.2,-11.44,-15.77,,
kr,2025-05,2025-05-30,watch,watch,watch,watch,,0,267250.KS,267250,HD현대,KOSPI,100,100,0.295,중립,7,0.7483,0.7675,0.0185,"{""macro"":0.2471,""growth"":0.2517,""semiconductor"":0.2542,""korea"":0.1969,""risk"":0.2806}",true,true,44.32,38.48,1.85,4.82,95.61,false,-3.87,-0.34,false,false,9.13,2.67,12.26,-1.72,22.92,6.41,85.77,36.43
kr,2026-01,2026-01-30,watch,watch,watch,watch,,0,178320.KQ,178320,서진시스템,KOSDAQ,88,95,0.3066,중립,7,0.7273,0.745,0.0273,"{""macro"":0.2125,""growth"":0.1807,""semiconductor"":0.2583,""korea"":0.2554,""risk"":0.2458}",true,true,50.79,26.59,2.82,3.74,92.71,false,-5.57,-1.7,false,false,-11.53,-5.56,22.28,21.83,78.51,74.18,,
kr,2025-01,2025-01-31,watch,watch,watch,watch,,0,229640.KS,229640,LS에코에너지,KOSPI,88,88,0.0571,중립,0,0.6201,0.6209,0.0331,"{""macro"":-0.0216,""growth"":0.027,""semiconductor"":-0.0675,""korea"":0.0082,""risk"":0.0315}",true,true,43.97,40.82,3.71,3.38,90.7,false,-11.6,-2.89,false,false,-6.28,-6.47,-17.75,-18.21,-28.89,-30.57,-8.82,-35.86
kr,2026-04,2026-04-30,watch,watch,watch,watch,,0,229640.KS,229640,LS에코에너지,KOSPI,88,99,0.4978,순풍,11,0.7927,0.8327,0.0771,"{""macro"":0.4573,""growth"":0.4751,""semiconductor"":0.6877,""korea"":0.4129,""risk"":0.5169}",true,true,96.39,75.95,2,3.12,94.36,true,-6.65,-4.18,false,false,1.49,-17.05,-27.32,-58.25,,,,
kr,2025-09,2025-09-30,confirmed,confirmed,confirmed,confirmed,high,2,222800.KQ,222800,심텍,KOSDAQ,100,100,0.313,중립,7,0.7176,0.7399,0.0504,"{""macro"":0.2579,""growth"":0.2708,""semiconductor"":0.4123,""korea"":0.2157,""risk"":0.2942}",true,true,76.91,69.65,2.05,2.38,90.07,false,-2.17,-2.29,false,false,13.75,13.04,53.85,46.73,1.52,-11,58.74,28.85
kr,2026-05,2026-05-29,confirmed,confirmed,confirmed,confirmed,high,2,018260.KS,018260,삼성에스디에스,KOSPI,100,100,0.5179,순풍,12,0.8203,0.8579,0.0447,"{""macro"":0.4579,""growth"":0.4481,""semiconductor"":0.5957,""korea"":0.4498,""risk"":0.4937}",true,true,76.09,47.95,3.76,6.72,89.36,false,-7,-4.97,false,false,-21.07,-9.37,,,,,,
kr,2025-07,2025-07-31,watch,watch,watch,watch,,0,131970.KQ,131970,두산테스나,KOSDAQ,88,88,0.0592,중립,0,0.6335,0.6365,0.0315,"{""macro"":-0.0018,""growth"":-0.0427,""semiconductor"":-0.1172,""korea"":-0.0016,""risk"":-0.0409}",true,true,27.7,24.75,3.39,12.38,88.47,false,-12.75,-3.99,false,false,4.31,4.24,5.38,7.9,46,34,90.77,53.12
kr,2026-01,2026-01-30,watch,watch,watch,watch,,0,140410.KQ,140410,메지온,KOSDAQ,85,92,0.3066,중립,7,0.7273,0.745,0.0273,"{""macro"":0.2125,""growth"":0.1807,""semiconductor"":0.2583,""korea"":0.2554,""risk"":0.2458}",true,true,91.34,67.14,1.54,2.67,93.54,false,-4.17,-0.17,false,false,-19.37,-13.4,-27.44,-27.89,-49.88,-54.21,,
kr,2025-09,2025-09-30,confirmed,confirmed,confirmed,confirmed,standard,1,131290.KQ,131290,티에스이,KOSDAQ,100,100,0.313,중립,7,0.7176,0.7399,0.0504,"{""macro"":0.2579,""growth"":0.2708,""semiconductor"":0.4123,""korea"":0.2157,""risk"":0.2942}",true,true,46.43,39.17,2,2.84,89.07,false,-3.09,-1.72,false,false,-1.69,-2.4,-8.35,-15.46,16.89,4.37,121.76,91.88
kr,2025-06,2025-06-30,watch,watch,watch,watch,,0,120110.KS,120110,코오롱인더,KOSPI,88,100,0.5069,순풍,12,0.8134,0.8503,0.0476,"{""macro"":0.5051,""growth"":0.4274,""semiconductor"":0.5681,""korea"":0.4577,""risk"":0.4303}",true,true,33.08,18.04,2.71,7.57,85.39,false,-4.03,-2.22,false,false,0.23,0.63,-5.33,-10.51,-20.66,-30.89,-3.63,-48.75
kr,2026-03,2026-03-31,watch,watch,watch,watch,,0,082920.KQ,082920,비츠로셀,KOSDAQ,88,88,0.009,중립,0,0.5829,0.5829,0.0555,"{""macro"":0.0344,""growth"":0.0336,""semiconductor"":0.0329,""korea"":-0.1513,""risk"":0.0251}",true,true,68.32,80.09,4.39,3.55,85.37,false,-7.29,-4.17,false,false,6.6,8.09,54.21,38.26,,,,
kr,2025-11,2025-11-28,watch,watch,watch,watch,,0,111770.KS,111770,영원무역,KOSPI,88,95,0.3665,순풍,7,0.7733,0.7979,0.0224,"{""macro"":0.3054,""growth"":0.3431,""semiconductor"":0.3117,""korea"":0.2821,""risk"":0.3483}",true,true,48.56,52.48,2.09,2.2,86.58,false,-9.23,-6.91,false,false,3.43,-0.99,-6.51,-13.84,10.06,-32.17,-10.86,-117.06
kr,2026-01,2026-01-30,watch,watch,watch,watch,,0,101490.KQ,101490,에스앤에스텍,KOSDAQ,88,95,0.3066,중립,7,0.7273,0.745,0.0273,"{""macro"":0.2125,""growth"":0.1807,""semiconductor"":0.2583,""korea"":0.2554,""risk"":0.2458}",true,true,88.41,64.21,3.2,3.29,84.07,false,-5.89,-3.88,false,false,-6.26,-0.29,2.97,2.51,0,-4.33,,
kr,2025-10,2025-10-31,watch,watch,watch,watch,,0,103590.KS,103590,일진전기,KOSPI,88,95,0.3988,순풍,7,0.7425,0.7702,0.057,"{""macro"":0.3218,""growth"":0.2999,""semiconductor"":0.4298,""korea"":0.4416,""risk"":0.3247}",true,true,64.81,46.47,2.3,2.18,82.98,false,-7.4,-2.95,false,false,6.6,10.34,-10.07,-5.51,3.13,-17.38,150.17,67.63
kr,2025-06,2025-06-30,watch,watch,watch,watch,,0,103140.KS,103140,풍산,KOSPI,88,100,0.5069,순풍,12,0.8134,0.8503,0.0476,"{""macro"":0.5051,""growth"":0.4274,""semiconductor"":0.5681,""korea"":0.4577,""risk"":0.4303}",true,true,106.58,91.54,3.36,2.07,84.25,false,-13.91,-7.94,false,false,-6.76,-6.36,28.05,22.88,-4.27,-14.51,-15.23,-60.34
kr,2026-04,2026-04-30,watch,watch,watch,watch,,0,011070.KS,011070,LG이노텍,KOSPI,81,92,0.5106,순풍,11,0.7927,0.8327,0.0771,"{""macro"":0.4573,""growth"":0.4751,""semiconductor"":0.6877,""korea"":0.4129,""risk"":0.5169}",true,true,67.06,46.61,1.39,1.62,75.23,false,-4.5,-3.21,false,false,20.07,1.53,104.71,73.79,,,,
kr,2025-01,2025-01-31,watch,watch,watch,watch,,0,098460.KQ,098460,고영,KOSDAQ,100,100,0.082,중립,0,0.6201,0.6209,0.0331,"{""macro"":-0.0216,""growth"":0.027,""semiconductor"":-0.0675,""korea"":0.0082,""risk"":0.0315}",true,true,94.64,87.56,16.15,46.82,87.14,false,-2.15,-1.37,false,false,10.83,8.82,1.77,0.45,-11.99,-11.1,-11.93,-21.58
kr,2025-11,2025-11-28,watch,watch,watch,watch,,0,095340.KQ,095340,ISC,KOSDAQ,100,100,0.3665,순풍,7,0.7733,0.7979,0.0224,"{""macro"":0.3054,""growth"":0.3431,""semiconductor"":0.3117,""korea"":0.2821,""risk"":0.3483}",true,true,40.05,37.6,2.12,3.06,85.22,false,-1.41,-1.25,false,false,-2.14,-3.47,-0.71,-2.12,89.01,62.49,62.82,56.78
kr,2025-11,2025-11-28,watch,watch,watch,watch,,0,039200.KQ,039200,오스코텍,KOSDAQ,100,100,0.3665,순풍,7,0.7733,0.7979,0.0224,"{""macro"":0.3054,""growth"":0.3431,""semiconductor"":0.3117,""korea"":0.2821,""risk"":0.3483}",true,true,55,52.55,3.12,2.87,81.39,false,-1.43,-3.27,false,false,-8.23,-9.55,-27.1,-28.5,-17.1,-43.61,-36.45,-42.49
kr,2025-10,2025-10-31,watch,watch,watch,watch,,0,086520.KQ,086520,에코프로,KOSDAQ,88,95,0.4398,순풍,7,0.7425,0.7702,0.057,"{""macro"":0.3218,""growth"":0.2999,""semiconductor"":0.4298,""korea"":0.4416,""risk"":0.3247}",true,true,75.65,70.03,3.36,2.25,80.85,false,-10.84,-4.22,false,false,-0.91,1.71,5.68,3.24,84.66,62.68,76.14,42.01
kr,2026-01,2026-01-30,watch,watch,watch,watch,,0,086520.KQ,086520,에코프로,KOSDAQ,88,95,0.3066,중립,7,0.7273,0.745,0.0273,"{""macro"":0.2125,""growth"":0.1807,""semiconductor"":0.2583,""korea"":0.2554,""risk"":0.2458}",true,true,78.96,54.76,1.82,4.39,88.36,false,-11.06,-5.52,false,false,-4.12,1.85,4.62,4.16,-1.72,-6.05,,
kr,2025-06,2025-06-30,watch,watch,watch,watch,,0,090710.KQ,090710,휴림로봇,KOSDAQ,97,100,0.4836,순풍,12,0.8134,0.8503,0.0476,"{""macro"":0.5051,""growth"":0.4274,""semiconductor"":0.5681,""korea"":0.4577,""risk"":0.4303}",true,true,69.66,62.43,1.52,4.53,95.74,false,-3.19,-4.53,false,false,-16.6,-16.21,-26.04,-28.97,-9.3,-16.17,136.62,114.1
kr,2026-01,2026-01-30,watch,watch,watch,watch,,0,085660.KQ,085660,차바이오텍,KOSDAQ,88,95,0.3066,중립,7,0.7273,0.745,0.0273,"{""macro"":0.2125,""growth"":0.1807,""semiconductor"":0.2583,""korea"":0.2554,""risk"":0.2458}",true,true,48.94,24.74,3.13,5.12,83.44,false,-8.77,-8.39,false,false,-5.03,0.94,-9.38,-9.84,-26,-30.32,,
kr,2026-01,2026-01-30,watch,watch,watch,watch,,0,042700.KS,042700,한미반도체,KOSPI,100,100,0.2759,중립,7,0.7273,0.745,0.0273,"{""macro"":0.2125,""growth"":0.1807,""semiconductor"":0.2583,""korea"":0.2554,""risk"":0.2458}",true,true,65.62,41.65,2.4,2.16,81.41,false,-4.09,-0.94,false,false,-7.11,-4.52,58.06,51.16,86.26,42.89,,
kr,2026-02,2026-02-27,watch,watch,watch,watch,,0,042700.KS,042700,한미반도체,KOSPI,98,98,0.0571,중립,0,0.603,0.6053,0.0513,"{""macro"":0.0961,""growth"":-0.0016,""semiconductor"":-0.0528,""korea"":0.099,""risk"":0.0368}",true,true,90.86,64.7,1.65,1.85,81.12,false,-2.71,1.75,false,false,-5.72,10.17,-22.41,-3.33,-14.84,-55.79,,
kr,2025-01,2025-01-31,watch,watch,watch,watch,,0,080220.KQ,080220,제주반도체,KOSDAQ,100,100,0.0281,중립,0,0.6201,0.6209,0.0331,"{""macro"":-0.0216,""growth"":0.027,""semiconductor"":-0.0675,""korea"":0.0082,""risk"":0.0315}",true,true,54.51,47.42,5.76,9.9,87.87,false,-7.38,-3.3,false,false,18.85,16.84,8.46,7.14,-7.97,-7.08,5.12,-4.53
kr,2026-01,2026-01-30,confirmed,confirmed,confirmed,confirmed,high,2,080220.KQ,080220,제주반도체,KOSDAQ,100,100,0.2759,중립,7,0.7273,0.745,0.0273,"{""macro"":0.2125,""growth"":0.1807,""semiconductor"":0.2583,""korea"":0.2554,""risk"":0.2458}",true,true,64.33,40.13,3.95,5.06,89.77,false,-2.81,0.96,false,false,-2.54,3.43,6,5.55,27.25,22.92,,
kr,2025-07,2025-07-31,watch,watch,watch,watch,,0,034220.KS,034220,LG디스플레이,KOSPI,100,100,0.0592,중립,0,0.6335,0.6365,0.0315,"{""macro"":-0.0018,""growth"":-0.0427,""semiconductor"":-0.1172,""korea"":-0.0016,""risk"":-0.0409}",true,true,18.86,13.32,1.89,4.81,85.4,false,-0.64,-0.48,false,false,1.48,2.02,7.56,10.72,29.24,5.86,5.63,-53.48
kr,2026-01,2026-01-30,watch,watch,watch,watch,,0,065350.KQ,065350,신성델타테크,KOSDAQ,100,100,0.3066,중립,7,0.7273,0.745,0.0273,"{""macro"":0.2125,""growth"":0.1807,""semiconductor"":0.2583,""korea"":0.2554,""risk"":0.2458}",true,true,40.56,16.36,2.15,3.55,91.81,false,-3.98,2.31,false,false,-11.29,-5.32,-22.58,-23.04,-30.99,-35.32,,
kr,2025-08,2025-08-29,watch,watch,watch,watch,,0,077970.KS,077970,STX엔진,KOSPI,100,100,0.0921,중립,0,0.6265,0.6281,0.0317,"{""macro"":0.088,""growth"":0.0194,""semiconductor"":-0.0323,""korea"":0.0061,""risk"":0.0436}",true,true,82.7,84.8,3.83,3.9,78.62,false,-3.13,-0.86,false,false,6.24,5.64,-11.43,-19.13,-20.32,-47.01,-21.59,-97.67
kr,2026-04,2026-04-30,watch,watch,watch,watch,,0,077970.KS,077970,STX엔진,KOSPI,88,99,0.5106,순풍,11,0.7927,0.8327,0.0771,"{""macro"":0.4573,""growth"":0.4751,""semiconductor"":0.6877,""korea"":0.4129,""risk"":0.5169}",true,true,90.12,69.68,2.67,2.97,85.77,false,-9.01,-7.37,false,false,-13.15,-31.69,-42.29,-73.21,,,,
kr,2025-09,2025-09-30,watch,watch,watch,watch,,0,064760.KQ,064760,티씨케이,KOSDAQ,100,100,0.313,중립,7,0.7176,0.7399,0.0504,"{""macro"":0.2579,""growth"":0.2708,""semiconductor"":0.4123,""korea"":0.2157,""risk"":0.2942}",true,true,70.07,62.81,1.91,1.8,88.6,false,-2.23,-2.97,false,false,4,3.29,-9.49,-16.6,-4.34,-16.86,37.71,7.83
kr,2026-01,2026-01-30,watch,watch,watch,watch,,0,064760.KQ,064760,티씨케이,KOSDAQ,100,100,0.3066,중립,7,0.7273,0.745,0.0273,"{""macro"":0.2125,""growth"":0.1807,""semiconductor"":0.2583,""korea"":0.2554,""risk"":0.2458}",true,true,67.37,43.17,1.78,2.54,94.19,false,-4.23,-2.85,false,false,-11.97,-6,9.24,8.79,24.37,20.04,,
kr,2026-02,2026-02-27,watch,watch,watch,watch,,0,066570.KS,066570,LG전자,KOSPI,88,88,0.0926,중립,0,0.603,0.6053,0.0513,"{""macro"":0.0961,""growth"":-0.0016,""semiconductor"":-0.0528,""korea"":0.099,""risk"":0.0368}",true,true,42.15,15.99,2.86,2.72,92.01,false,-4.08,-0.89,false,false,-22.17,-6.28,-27.52,-8.44,169.39,128.43,,
kr,2025-01,2025-01-31,watch,watch,watch,watch,,0,058610.KQ,058610,에스피지,KOSDAQ,100,100,0.082,중립,0,0.6201,0.6209,0.0331,"{""macro"":-0.0216,""growth"":0.027,""semiconductor"":-0.0675,""korea"":0.0082,""risk"":0.0315}",true,true,46.26,39.18,5.58,2.86,81.06,false,-2.95,-2.46,false,false,3.19,1.19,-17.89,-19.21,-19.65,-18.77,-20.13,-29.78
kr,2025-11,2025-11-28,watch,watch,watch,watch,,0,058610.KQ,058610,에스피지,KOSDAQ,100,100,0.3665,순풍,7,0.7733,0.7979,0.0224,"{""macro"":0.3054,""growth"":0.3431,""semiconductor"":0.3117,""korea"":0.2821,""risk"":0.3483}",true,true,102.57,100.12,7.89,5.56,94.65,false,-2.17,-5.4,false,false,5.71,4.39,29.05,27.65,108.57,82.06,51.9,45.86
kr,2026-01,2026-01-30,watch,watch,watch,watch,,0,058470.KQ,058470,리노공업,KOSDAQ,100,100,0.3066,중립,7,0.7273,0.745,0.0273,"{""macro"":0.2125,""growth"":0.1807,""semiconductor"":0.2583,""korea"":0.2554,""risk"":0.2458}",true,true,75.62,51.42,1.83,4.17,91.06,false,-7.35,4.32,false,false,-9.63,-3.66,19.92,19.47,7.18,2.85,,
kr,2025-04,2025-04-30,watch,watch,watch,watch,,0,043260.KQ,043260,성호전자,KOSDAQ,100,100,0.1467,중립,3,0.6755,0.6832,0.0225,"{""macro"":0.157,""growth"":0.0967,""semiconductor"":0.1058,""korea"":0.107,""risk"":0.0606}",true,true,23.72,19.99,7.69,16.88,90.75,false,-7.05,0.17,false,false,-3.35,-4.49,-3.35,-7.95,-15.42,-24.73,69.33,47.08
kr,2025-10,2025-10-31,watch,watch,watch,watch,,0,043260.KQ,043260,성호전자,KOSDAQ,97,100,0.3988,순풍,7,0.7425,0.7702,0.057,"{""macro"":0.3218,""growth"":0.2999,""semiconductor"":0.4298,""korea"":0.4416,""risk"":0.3247}",true,true,91.98,86.35,3.51,1.51,89.6,false,-3.6,0.43,false,false,5.47,8.09,30.85,28.41,737.81,715.83,2076.62,2042.49
kr,2025-12,2025-12-30,watch,watch,watch,watch,,0,043260.KQ,043260,성호전자,KOSDAQ,88,95,0.288,중립,7,0.7373,0.7566,0.0251,"{""macro"":0.2821,""growth"":0.2363,""semiconductor"":0.2256,""korea"":0.2308,""risk"":0.2859}",true,true,277.14,275.74,4.77,2.43,85.45,false,-14.92,-4.32,false,false,21.86,19.85,88.2,64,358.87,345.7,,
kr,2026-01,2026-01-30,watch,watch,watch,watch,,0,036540.KQ,036540,SFA반도체,KOSDAQ,100,100,0.2759,중립,7,0.7273,0.745,0.0273,"{""macro"":0.2125,""growth"":0.1807,""semiconductor"":0.2583,""korea"":0.2554,""risk"":0.2458}",true,true,71.37,47.17,5.79,7.11,86.45,false,-3.57,4.78,false,false,-12.12,-6.14,-4.34,-4.79,5.99,1.67,,
kr,2025-05,2025-05-30,watch,watch,watch,watch,,0,047040.KS,047040,대우건설,KOSPI,88,95,0.295,중립,7,0.7483,0.7675,0.0185,"{""macro"":0.2471,""growth"":0.2517,""semiconductor"":0.2542,""korea"":0.1969,""risk"":0.2806}",true,true,22,16.16,2.05,2.82,82.3,false,-2.54,-1.06,false,false,6.17,-0.29,-1.3,-15.29,-13.52,-30.03,-15.78,-65.11
kr,2026-02,2026-02-27,watch,watch,watch,watch,,0,047040.KS,047040,대우건설,KOSPI,100,100,0.1316,중립,3,0.603,0.6053,0.0513,"{""macro"":0.0961,""growth"":-0.0016,""semiconductor"":-0.0528,""korea"":0.099,""risk"":0.0368}",true,true,110.37,84.22,7.78,8.16,89.06,false,-6.54,-3.85,false,false,-13.12,2.77,53.35,72.44,124.85,83.9,,
kr,2025-02,2025-02-28,watch,watch,watch,watch,,0,047050.KS,047050,포스코인터내셔널,KOSPI,100,100,-0.0311,중립,0,0.5958,0.6004,0.0664,"{""macro"":-0.0206,""growth"":-0.0086,""semiconductor"":-0.0957,""korea"":-0.2022,""risk"":0.0034}",true,true,20.42,20.58,1.82,3.53,85.14,false,-2.81,0,false,false,17.15,15.66,-6.17,-5.72,-4.34,-13.73,-6.55,-32.28
kr,2025-01,2025-01-31,confirmed,confirmed,confirmed,confirmed,high,2,042660.KS,042660,한화오션,KOSPI,100,100,0.082,중립,0,0.6201,0.6209,0.0331,"{""macro"":-0.0216,""growth"":0.027,""semiconductor"":-0.0675,""korea"":0.0082,""risk"":0.0315}",true,true,58.89,55.74,2.42,2.18,88.68,false,-4.51,-3.29,false,false,8.22,8.04,48.78,48.32,37.94,36.25,102.97,75.93
kr,2026-01,2026-01-30,confirmed,confirmed,confirmed,confirmed,high,2,038500.KQ,038500,삼표시멘트,KOSDAQ,100,100,0.3066,중립,7,0.7273,0.745,0.0273,"{""macro"":0.2125,""growth"":0.1807,""semiconductor"":0.2583,""korea"":0.2554,""risk"":0.2458}",true,true,68.34,44.14,4.31,8.19,93.23,false,-2.1,-3.08,false,false,100.71,106.69,63.93,63.47,79.64,75.32,,
kr,2026-01,2026-01-30,watch,watch,watch,watch,,0,000250.KQ,000250,삼천당제약,KOSDAQ,88,95,0.3066,중립,7,0.7273,0.745,0.0273,"{""macro"":0.2125,""growth"":0.1807,""semiconductor"":0.2583,""korea"":0.2554,""risk"":0.2458}",true,true,106.67,82.47,2.99,2.65,89.63,false,-4.28,-0.93,false,false,4.06,10.03,59,58.55,-16.86,-21.18,,
kr,2026-01,2026-01-30,confirmed,confirmed,confirmed,confirmed,standard,1,031980.KQ,031980,피에스케이홀딩스,KOSDAQ,100,100,0.3066,중립,7,0.7273,0.745,0.0273,"{""macro"":0.2125,""growth"":0.1807,""semiconductor"":0.2583,""korea"":0.2554,""risk"":0.2458}",true,true,70.41,46.21,2.06,2.17,94.41,false,-5.85,0.38,false,false,-12.29,-6.32,48.67,48.21,59.19,54.86,,
kr,2025-05,2025-05-30,watch,watch,watch,watch,,0,023590.KS,023590,다우기술,KOSPI,88,95,0.295,중립,7,0.7483,0.7675,0.0185,"{""macro"":0.2471,""growth"":0.2517,""semiconductor"":0.2542,""korea"":0.1969,""risk"":0.2806}",true,true,28.16,22.32,2.31,3.31,90.37,false,-2.54,-1.2,false,false,4.84,-1.61,39.29,25.3,26.26,9.75,37.06,-12.28
kr,2025-10,2025-10-31,watch,watch,watch,watch,,0,018880.KS,018880,한온시스템,KOSPI,100,100,0.4398,순풍,7,0.7425,0.7702,0.057,"{""macro"":0.3218,""growth"":0.2999,""semiconductor"":0.4298,""korea"":0.4416,""risk"":0.3247}",true,true,39.9,21.56,1.9,3.24,83.64,false,-11.9,-3.28,false,false,-2.07,1.67,-10.65,-6.09,-21.12,-41.63,17.57,-64.97
kr,2025-02,2025-02-28,watch,watch,watch,watch,,0,030530.KQ,030530,원익홀딩스,KOSDAQ,88,88,-0.0311,중립,0,0.5958,0.6004,0.0664,"{""macro"":-0.0206,""growth"":-0.0086,""semiconductor"":-0.0957,""korea"":-0.2022,""risk"":0.0034}",true,true,45.37,43.29,3.49,4.53,83.55,false,-13.54,-8.72,false,false,12.73,15.17,-6.36,0.69,50.06,49.22,113.71,106.6
kr,2025-12,2025-12-30,watch,watch,watch,watch,,0,030530.KQ,030530,원익홀딩스,KOSDAQ,100,100,0.3095,중립,7,0.7373,0.7566,0.0251,"{""macro"":0.2821,""growth"":0.2363,""semiconductor"":0.2256,""korea"":0.2308,""risk"":0.2859}",true,true,105.49,104.08,2.69,3.09,88.9,false,-3.75,1.99,false,false,-16.43,-18.44,-13.14,-37.34,-45.28,-58.45,,
kr,2025-10,2025-10-31,watch,watch,watch,watch,,0,010170.KQ,010170,대한광통신,KOSDAQ,100,100,0.3988,순풍,7,0.7425,0.7702,0.057,"{""macro"":0.3218,""growth"":0.2999,""semiconductor"":0.4298,""korea"":0.4416,""risk"":0.3247}",true,true,46.26,40.64,4.09,3.07,86.53,false,-4.42,-6.75,false,false,22.85,25.48,7.62,5.18,54.05,32.07,977.63,943.5
kr,2025-06,2025-06-30,watch,watch,watch,watch,,0,001430.KS,001430,세아베스틸지주,KOSPI,100,100,0.5069,순풍,12,0.8134,0.8503,0.0476,"{""macro"":0.5051,""growth"":0.4274,""semiconductor"":0.5681,""korea"":0.4577,""risk"":0.4303}",true,true,55.19,40.15,3.12,4.36,86.35,false,0,2.49,false,false,1.67,2.07,-1.52,-6.69,-24.16,-34.4,71.12,26.01
kr,2026-04,2026-04-30,watch,watch,watch,watch,,0,008770.KS,008770,호텔신라,KOSPI,88,99,0.5106,순풍,11,0.7927,0.8327,0.0771,"{""macro"":0.4573,""growth"":0.4751,""semiconductor"":0.6877,""korea"":0.4129,""risk"":0.5169}",true,true,48.19,27.74,2.28,4.5,84.66,false,-6.83,-3.25,false,false,-1.98,-20.52,-16.03,-46.95,,,,
kr,2026-01,2026-01-30,watch,watch,watch,watch,,0,010130.KS,010130,고려아연,KOSPI,88,95,0.3066,중립,7,0.7273,0.745,0.0273,"{""macro"":0.2125,""growth"":0.1807,""semiconductor"":0.2583,""korea"":0.2554,""risk"":0.2458}",true,true,43.16,19.19,3.22,1.86,88.5,false,-7.37,-3.83,false,false,-12.9,-10.31,-7.01,-13.91,-17.2,-60.57,,
kr,2026-01,2026-01-30,watch,watch,watch,watch,,0,017670.KS,017670,SK텔레콤,KOSPI,100,100,0.3066,중립,7,0.7273,0.745,0.0273,"{""macro"":0.2125,""growth"":0.1807,""semiconductor"":0.2583,""korea"":0.2554,""risk"":0.2458}",true,true,35.51,11.54,2.26,3.57,91.2,false,-3.46,-1.44,false,false,-4.55,-1.96,5.52,-1.38,28.55,-14.82,,
kr,2026-05,2026-05-29,watch,watch,watch,watch,,0,012330.KS,012330,현대모비스,KOSPI,100,100,0.5179,순풍,12,0.8203,0.8579,0.0447,"{""macro"":0.4579,""growth"":0.4481,""semiconductor"":0.5957,""korea"":0.4498,""risk"":0.4937}",true,true,77.57,49.44,2.58,2.97,84.85,false,-3.4,-3.58,false,false,-20.31,-8.61,,,,,,
kr,2026-02,2026-02-27,watch,watch,watch,watch,,0,005440.KS,005440,현대지에프홀딩스,KOSPI,88,91,0.1316,중립,3,0.603,0.6053,0.0513,"{""macro"":0.0961,""growth"":-0.0016,""semiconductor"":-0.0528,""korea"":0.099,""risk"":0.0368}",true,true,79.37,53.22,7.28,8.74,88.46,false,-19.15,-8.94,false,false,-12.75,3.14,-14.06,5.02,-20.94,-61.89,,
kr,2026-04,2026-04-30,watch,watch,watch,watch,,0,000500.KS,000500,가온전선,KOSPI,91,100,0.5106,순풍,11,0.7927,0.8327,0.0771,"{""macro"":0.4573,""growth"":0.4751,""semiconductor"":0.6877,""korea"":0.4129,""risk"":0.5169}",true,true,131.77,111.32,1.23,1.61,92.56,false,0,-3.36,false,false,109.11,90.57,18.43,-12.5,,,,
kr,2026-02,2026-02-27,watch,watch,watch,watch,,0,004020.KS,004020,현대제철,KOSPI,100,100,0.1316,중립,3,0.603,0.6053,0.0513,"{""macro"":0.0961,""growth"":-0.0016,""semiconductor"":-0.0528,""korea"":0.099,""risk"":0.0368}",true,true,37.78,11.62,3.25,5.6,85.73,false,-7.74,-4.88,false,false,-20.65,-4.75,-27.63,-8.55,-18.6,-59.56,,
kr,2026-01,2026-01-30,watch,watch,watch,watch,,0,003530.KS,003530,한화투자증권,KOSPI,88,95,0.2765,중립,7,0.7273,0.745,0.0273,"{""macro"":0.2125,""growth"":0.1807,""semiconductor"":0.2583,""korea"":0.2554,""risk"":0.2458}",true,true,36.95,12.98,2.37,5.02,94.68,false,-5.58,-2.72,false,false,-5.29,-2.7,18.2,11.3,32.04,-11.33,,
kr,2026-02,2026-02-27,watch,watch,watch,watch,,0,003530.KS,003530,한화투자증권,KOSPI,88,91,0.1103,중립,3,0.603,0.6053,0.0513,"{""macro"":0.0961,""growth"":-0.0016,""semiconductor"":-0.0528,""korea"":0.099,""risk"":0.0368}",true,true,48.13,21.98,6.52,3.88,81.21,false,-19.03,-6.88,false,false,-16.67,-0.78,-22.66,-3.58,-30.46,-71.41,,
kr,2025-10,2025-10-31,watch,watch,watch,watch,,0,006400.KS,006400,삼성SDI,KOSPI,88,95,0.4398,순풍,7,0.7425,0.7702,0.057,"{""macro"":0.3218,""growth"":0.2999,""semiconductor"":0.4298,""korea"":0.4416,""risk"":0.3247}",true,true,52.97,34.64,2.06,3.58,91.81,false,-7.87,-2.73,false,false,-4.97,-1.23,-7.14,-2.59,10.56,-9.94,110.56,28.01
kr,2026-01,2026-01-30,watch,watch,watch,watch,,0,006400.KS,006400,삼성SDI,KOSPI,88,95,0.3066,중립,7,0.7273,0.745,0.0273,"{""macro"":0.2125,""growth"":0.1807,""semiconductor"":0.2583,""korea"":0.2554,""risk"":0.2458}",true,true,44.71,20.74,2.26,2.42,85.34,false,-5.22,-2.14,false,false,-5.13,-2.54,5.26,-1.64,77.95,34.58,,
kr,2026-05,2026-05-29,watch,watch,watch,watch,,0,009150.KS,009150,삼성전기,KOSPI,100,100,0.4974,순풍,12,0.8203,0.8579,0.0447,"{""macro"":0.4579,""growth"":0.4481,""semiconductor"":0.5957,""korea"":0.4498,""risk"":0.4937}",true,true,167.88,139.75,1.83,2.68,90.34,false,-2.97,3.69,false,false,-21.77,-10.07,,,,,,
kr,2026-05,2026-05-29,watch,watch,watch,watch,,0,001820.KS,001820,삼화콘덴서공업,KOSPI,88,100,0.4974,순풍,12,0.8203,0.8579,0.0447,"{""macro"":0.4579,""growth"":0.4481,""semiconductor"":0.5957,""korea"":0.4498,""risk"":0.4937}",true,true,137.04,108.91,5.58,12.64,98.29,true,-13.72,-5.05,false,false,-26.76,-15.06,,,,,,
kr,2026-01,2026-01-30,watch,watch,watch,watch,,0,006800.KS,006800,미래에셋증권,KOSPI,100,100,0.2765,중립,7,0.7273,0.745,0.0273,"{""macro"":0.2125,""growth"":0.1807,""semiconductor"":0.2583,""korea"":0.2554,""risk"":0.2458}",true,true,83.08,59.11,2.06,2.25,84.8,false,-4.15,-4.31,false,false,12.28,14.87,56.96,50.06,85.6,42.23,,
kr,2025-05,2025-05-30,watch,watch,watch,watch,,0,004990.KS,004990,롯데지주,KOSPI,88,95,0.295,중립,7,0.7483,0.7675,0.0185,"{""macro"":0.2471,""growth"":0.2517,""semiconductor"":0.2542,""korea"":0.1969,""risk"":0.2806}",true,true,32.74,26.9,2.27,6.17,95.51,false,-6.88,-2.13,false,false,0,-6.46,-0.84,-14.83,2.01,-14.49,-5.87,-55.21
kr,2025-06,2025-06-30,watch,watch,watch,watch,,0,004800.KS,004800,효성,KOSPI,100,100,0.5069,순풍,12,0.8134,0.8503,0.0476,"{""macro"":0.5051,""growth"":0.4274,""semiconductor"":0.5681,""korea"":0.4577,""risk"":0.4303}",true,true,27.17,12.13,6.02,3.95,86.99,false,-0.78,-0.55,false,false,-7.47,-7.07,10.09,4.92,12.19,1.95,56.88,11.76
kr,2025-05,2025-05-30,watch,watch,watch,watch,,0,003090.KS,003090,대웅,KOSPI,100,100,0.295,중립,7,0.7483,0.7675,0.0185,"{""macro"":0.2471,""growth"":0.2517,""semiconductor"":0.2542,""korea"":0.1969,""risk"":0.2806}",true,true,29.34,23.5,3.14,10.66,91.16,false,-4.88,-2.03,false,false,9.86,3.41,-8.48,-22.47,-5.13,-21.63,-4.14,-53.47
kr,2025-10,2025-10-31,watch,watch,watch,watch,,0,001440.KS,001440,대한전선,KOSPI,100,100,0.4398,순풍,7,0.7425,0.7702,0.057,"{""macro"":0.3218,""growth"":0.2999,""semiconductor"":0.4298,""korea"":0.4416,""risk"":0.3247}",true,true,55.83,37.49,2.92,4.82,83.33,false,-4.72,-3,false,false,2.27,6.02,-10.95,-6.39,10.12,-10.38,198.76,116.22
kr,2026-04,2026-04-30,watch,watch,watch,watch,,0,001440.KS,001440,대한전선,KOSPI,100,100,0.5106,순풍,11,0.7927,0.8327,0.0771,"{""macro"":0.4573,""growth"":0.4751,""semiconductor"":0.6877,""korea"":0.4129,""risk"":0.5169}",true,true,87.35,66.91,2.51,4.51,94.09,false,-5.22,1.63,false,false,25.22,6.68,-24.78,-55.7,,,,
kr,2025-05,2025-05-30,watch,watch,watch,watch,,0,000240.KS,000240,한국앤컴퍼니,KOSPI,100,100,0.295,중립,7,0.7483,0.7675,0.0185,"{""macro"":0.2471,""growth"":0.2517,""semiconductor"":0.2542,""korea"":0.1969,""risk"":0.2806}",true,true,34.97,29.14,1.87,5.11,93.22,false,-1.46,-0.42,false,false,-7.39,-13.85,1.97,-12.02,17.73,1.23,38.67,-10.66
us,2026-02,2026-02-27,watch,watch,watch,watch,,0,AAOI,,Applied Optoelectronics Inc. Common Stock,NASDAQ,92,92,0.0259,중립,0,0.603,0.6053,0.0513,"{""macro"":0.0961,""growth"":-0.0016,""semiconductor"":-0.0528,""korea"":0.099,""risk"":0.0368}",true,true,86.23,90.32,1.24,1.71,80.47,false,-0.09,-7.62,false,false,13.48,14.72,1.14,9.21,88.07,66.49,,
us,2025-07,2025-07-31,watch,watch,watch,watch,,0,ABVX,,Abivax SA American Depositary Shares,NASDAQ,100,100,0.0412,중립,0,0.6335,0.6365,0.0315,"{""macro"":-0.0018,""growth"":-0.0427,""semiconductor"":-0.1172,""korea"":-0.0016,""risk"":-0.0409}",true,true,836.95,833.65,13.71,3.06,87.4,false,-4.95,-4.69,false,true,-2.44,-3.19,12.9,11.95,37.86,25.33,54.87,44.81
us,2026-05,2026-05-29,watch,watch,watch,watch,,0,ARM,,Arm Holdings plc American Depositary Shares,NASDAQ,97,100,0.5333,순풍,12,0.8203,0.8579,0.0447,"{""macro"":0.4579,""growth"":0.4481,""semiconductor"":0.5957,""korea"":0.4498,""risk"":0.4937}",true,true,75.16,63.57,1.83,1.5,75.52,false,-0.89,-5.76,false,false,-2.93,1.57,,,,,,
us,2025-06,2025-06-30,confirmed,confirmed,confirmed,confirmed,high,2,AVAV,,AeroVironment Inc. Common Stock,NASDAQ,100,100,0.4936,순풍,12,0.8134,0.8503,0.0476,"{""macro"":0.5051,""growth"":0.4274,""semiconductor"":0.5681,""korea"":0.4577,""risk"":0.4303}",true,true,65.2,59.1,3.32,6.99,82.41,false,-3.7,1.07,false,false,-16.8,-16.93,-6.02,-8.99,8.33,-0.21,-12.56,-25.11
us,2025-07,2025-07-31,confirmed,confirmed,confirmed,confirmed,standard,1,BE,,Bloom Energy Corporation Class A Common Stock,NYSE,88,88,0.0132,중립,0,0.6335,0.6365,0.0315,"{""macro"":-0.0018,""growth"":-0.0427,""semiconductor"":-0.1172,""korea"":-0.0016,""risk"":-0.0409}",true,true,68.96,65.66,1.83,2.17,88.19,false,-4.35,-0.61,false,false,-1.58,-2.33,41.59,40.63,257.61,245.09,304.84,294.78