date,nextDate,indexId,label,direction,actualDirection,hit,nextDayReturn,score,strength,summary
"2025-05-30","2025-06-02","kospi","KOSPI","상승","상승","1","0.0482","0.2901","0.2901","5일 양호 · 20일 양호 · 추세 양호"
"2025-06-02","2025-06-04","kospi","KOSPI","상승","상승","1","2.6629","0.4027","0.4027","20일 양호 · 5일 양호 · 추세 양호"
"2025-06-04","2025-06-05","kospi","KOSPI","상승","상승","1","1.4873","0.5381","0.5381","당일 양호 · 5일 양호 · 추세 양호"
"2025-06-05","2025-06-09","kospi","KOSPI","상승","상승","1","1.5547","0.3463","0.3463","당일 양호 · 5일 양호 · 추세 양호"
"2025-06-09","2025-06-10","kospi","KOSPI","상승","상승","1","0.5631","0.4912","0.4912","당일 양호 · 5일 양호 · 추세 양호"
"2025-06-10","2025-06-11","kospi","KOSPI","상승","상승","1","1.2253","0.5059","0.5059","5일 양호 · 20일 양호 · 추세 양호"
"2025-06-11","2025-06-12","kospi","KOSPI","상승","상승","1","0.4468","0.4162","0.4162","당일 양호 · 5일 양호 · 추세 양호"
"2025-06-12","2025-06-13","kospi","KOSPI","상승","하락","0","-0.8702","0.3199","0.3199","5일 양호 · 20일 양호 · 추세 양호"
"2025-06-13","2025-06-16","kospi","KOSPI","상승","상승","1","1.7978","0.0689","0.0689","5일 양호 · 20일 양호 · 추세 양호"
"2025-06-16","2025-06-17","kospi","KOSPI","상승","상승","1","0.1235","0.5674","0.5674","나스닥선물 양호 · 당일 양호 · 5일 양호"
"2025-06-17","2025-06-18","kospi","KOSPI","상승","상승","1","0.742","0.1984","0.1984","5일 양호 · 20일 양호 · 추세 양호"
"2025-06-18","2025-06-19","kospi","KOSPI","상승","상승","1","0.1867","0.3345","0.3345","5일 양호 · 20일 양호 · 추세 양호"
"2025-06-19","2025-06-20","kospi","KOSPI","상승","상승","1","1.481","0.2145","0.2145","20일 양호 · 추세 양호 · 5일 양호"
"2025-06-20","2025-06-23","kospi","KOSPI","상승","하락","0","-0.2439","0.4784","0.4784","당일 양호 · 5일 양호 · 추세 양호"
"2025-06-23","2025-06-24","kospi","KOSPI","상승","상승","1","2.9581","0.5028","0.5028","5일 양호 · 20일 양호 · 추세 양호"
"2025-06-24","2025-06-25","kospi","KOSPI","상승","상승","1","0.1485","0.6894","0.6894","나스닥선물 양호 · 당일 양호 · 5일 양호"
"2025-06-25","2025-06-26","kospi","KOSPI","상승","하락","0","-0.923","0.3961","0.3961","5일 양호 · 20일 양호 · 추세 양호"
"2025-06-26","2025-06-27","kospi","KOSPI","상승","하락","0","-0.767","0.4825","0.4825","5일 양호 · 20일 양호 · 니케이 양호"
"2025-06-27","2025-06-30","kospi","KOSPI","상승","상승","1","0.5157","0.3909","0.3909","20일 양호 · 니케이 양호 · 추세 양호"
"2025-06-30","2025-07-01","kospi","KOSPI","상승","상승","1","0.5844","0.5618","0.5618","20일 양호 · 추세 양호 · VIX 양호"
"2025-07-01","2025-07-02","kospi","KOSPI","상승","하락","0","-0.4722","0.1809","0.1809","20일 양호 · 추세 양호 · VIX 양호"
"2025-07-02","2025-07-03","kospi","KOSPI","상승","상승","1","1.3401","0.2572","0.2572","20일 양호 · 추세 양호 · VIX 양호"
"2025-07-03","2025-07-04","kospi","KOSPI","상승","하락","0","-1.9892","0.4956","0.4956","당일 양호 · 추세 양호 · 20일 양호"
"2025-07-04","2025-07-07","kospi","KOSPI","상승","상승","1","0.1699","0.1053","0.1053","20일 양호 · 추세 양호 · 반도체 양호"
"2025-07-07","2025-07-08","kospi","KOSPI","상승","상승","1","1.8134","0.1665","0.1665","20일 양호 · 추세 양호 · VIX 양호"
"2025-07-08","2025-07-09","kospi","KOSPI","상승","상승","1","0.6032","0.3841","0.3841","당일 양호 · 추세 양호 · 20일 양호"
"2025-07-09","2025-07-10","kospi","KOSPI","상승","상승","1","1.5793","0.4601","0.4601","20일 양호 · 추세 양호 · VIX 양호"
"2025-07-10","2025-07-11","kospi","KOSPI","상승","하락","0","-0.2344","0.3739","0.3739","당일 양호 · 추세 양호 · 20일 양호"
"2025-07-11","2025-07-14","kospi","KOSPI","상승","상승","1","0.8269","0.3152","0.3152","5일 양호 · 20일 양호 · 추세 양호"
"2025-07-14","2025-07-15","kospi","KOSPI","상승","상승","1","0.4138","0.3381","0.3381","5일 양호 · 20일 양호 · 추세 양호"
"2025-07-15","2025-07-16","kospi","KOSPI","상승","하락","0","-0.8988","0.292","0.292","5일 양호 · 20일 양호 · 추세 양호"
"2025-07-16","2025-07-17","kospi","KOSPI","상승","상승","1","0.1855","0.2176","0.2176","20일 양호 · 추세 양호 · 5일 양호"
"2025-07-17","2025-07-18","kospi","KOSPI","상승","하락","0","-0.1322","0.3546","0.3546","20일 양호 · 추세 양호 · 나스닥선물 양호"
"2025-07-18","2025-07-21","kospi","KOSPI","상승","상승","1","0.7133","0.2468","0.2468","20일 양호 · 추세 양호 · 반도체 양호"
"2025-07-21","2025-07-22","kospi","KOSPI","상승","하락","0","-1.2729","0.35","0.35","20일 양호 · 추세 양호 · VIX 양호"
"2025-07-22","2025-07-23","kospi","KOSPI","상승","상승","1","0.4363","0.0076","0.0076","VIX 양호 · 추세 양호 · VIX구조 양호"
"2025-07-23","2025-07-24","kospi","KOSPI","상승","상승","1","0.2098","0.2989","0.2989","니케이 양호 · 추세 양호 · VIX 양호"
"2025-07-24","2025-07-25","kospi","KOSPI","상승","상승","1","0.1755","0.3137","0.3137","VIX 양호 · 니케이 양호 · 추세 양호"
"2025-07-25","2025-07-28","kospi","KOSPI","상승","상승","1","0.4215","0.2397","0.2397","VIX 양호 · 추세 양호 · 20일 양호"
"2025-07-28","2025-07-29","kospi","KOSPI","상승","상승","1","0.6559","0.174","0.174","추세 양호 · VIX 양호 · 20일 양호"
"2025-07-29","2025-07-30","kospi","KOSPI","상승","상승","1","0.7398","0.223","0.223","추세 양호 · VIX 양호 · 5일 양호"
"2025-07-30","2025-07-31","kospi","KOSPI","상승","하락","0","-0.2775","0.3239","0.3239","20일 양호 · 5일 양호 · 추세 양호"
"2025-07-31","2025-08-01","kospi","KOSPI","상승","하락","0","-3.8833","0.1006","0.1006","추세 양호 · 5일 양호 · 20일 양호"
"2025-08-01","2025-08-04","kospi","KOSPI","하락","상승","0","0.9085","-0.3421","0.3421","당일 부담 · 나스닥선물 부담 · 5일 부담"
"2025-08-04","2025-08-05","kospi","KOSPI","상승","상승","1","1.5964","0.2447","0.2447","나스닥선물 양호 · S&P선물 양호 · 당일 양호"
"2025-08-05","2025-08-06","kospi","KOSPI","상승","상승","1","0.0044","0.1789","0.1789","당일 양호 · 추세 양호 · VIX 양호"
"2025-08-06","2025-08-07","kospi","KOSPI","상승","상승","1","0.9237","0.294","0.294","나스닥선물 양호 · 추세 양호 · VIX 양호"
"2025-08-07","2025-08-08","kospi","KOSPI","상승","하락","0","-0.5474","0.2535","0.2535","추세 양호 · 당일 양호 · VIX 양호"
"2025-08-08","2025-08-11","kospi","KOSPI","상승","하락","0","-0.1009","0.3708","0.3708","5일 양호 · 니케이 양호 · 추세 양호"
"2025-08-11","2025-08-12","kospi","KOSPI","상승","하락","0","-0.5258","0.2651","0.2651","VIX 양호 · 니케이 양호 · 5일 양호"
"2025-08-12","2025-08-13","kospi","KOSPI","상승","상승","1","1.0803","0.3537","0.3537","나스닥선물 양호 · VIX 양호 · 니케이 양호"
"2025-08-13","2025-08-14","kospi","KOSPI","상승","상승","1","0.04","0.3916","0.3916","VIX 양호 · 추세 양호 · 니케이 양호"
"2025-08-14","2025-08-18","kospi","KOSPI","상승","하락","0","-1.4998","0.1024","0.1024","VIX 양호 · 반도체 양호 · 추세 양호"
"2025-08-18","2025-08-19","kospi","KOSPI","상승","하락","0","-0.8095","0.0135","0.0135","VIX 양호 · 니케이 양호 · 공포탐욕 양호"
"2025-08-19","2025-08-20","kospi","KOSPI","하락","하락","1","-0.6812","-0.2069","0.2069","나스닥선물 부담 · 5일 부담 · 당일 부담"
"2025-08-20","2025-08-21","kospi","KOSPI","하락","상승","0","0.3722","-0.2394","0.2394","니케이 부담 · 5일 부담 · 나스닥선물 부담"
"2025-08-21","2025-08-22","kospi","KOSPI","하락","상승","0","0.8591","-0.1056","0.1056","5일 부담 · 나스닥선물 부담 · 코스닥상대 부담"
"2025-08-22","2025-08-25","kospi","KOSPI","상승","상승","1","1.298","0.2578","0.2578","나스닥선물 양호 · VIX 양호 · S&P선물 양호"
"2025-08-25","2025-08-26","kospi","KOSPI","상승","하락","0","-0.9502","0.2092","0.2092","당일 양호 · VIX 양호 · 공포탐욕 양호"
"2025-08-26","2025-08-27","kospi","KOSPI","상승","상승","1","0.2453","0.1117","0.1117","VIX 양호 · 공포탐욕 양호 · 시장레짐 양호"
"2025-08-27","2025-08-28","kospi","KOSPI","상승","상승","1","0.2874","0.2196","0.2196","VIX 양호 · 5일 양호 · 공포탐욕 양호"
"2025-08-28","2025-08-29","kospi","KOSPI","상승","하락","0","-0.3226","0.2521","0.2521","나스닥선물 양호 · 5일 양호 · VIX 양호"
"2025-08-29","2025-09-01","kospi","KOSPI","하락","하락","1","-1.3522","-0.0086","0.0086","나스닥선물 부담 · 미국장 부담 · S&P선물 부담"
"2025-09-01","2025-09-02","kospi","KOSPI","하락","상승","0","0.9361","-0.3311","0.3311","당일 부담 · 나스닥선물 부담 · 니케이 부담"
"2025-09-02","2025-09-03","kospi","KOSPI","상승","상승","1","0.3805","0.0316","0.0316","당일 양호 · VIX 양호 · 공포탐욕 양호"
"2025-09-03","2025-09-04","kospi","KOSPI","상승","상승","1","0.5153","0.1681","0.1681","나스닥선물 양호 · VIX 양호 · S&P선물 양호"
"2025-09-04","2025-09-05","kospi","KOSPI","상승","상승","1","0.134","0.3304","0.3304","니케이 양호 · 나스닥선물 양호 · 당일 양호"
"2025-09-05","2025-09-08","kospi","KOSPI","상승","상승","1","0.4515","0.1839","0.1839","VIX 양호 · 금리 양호 · 니케이 양호"
"2025-09-08","2025-09-09","kospi","KOSPI","상승","상승","1","1.2567","0.3975","0.3975","5일 양호 · 니케이 양호 · VIX 양호"
"2025-09-09","2025-09-10","kospi","KOSPI","상승","상승","1","1.6711","0.3678","0.3678","당일 양호 · 5일 양호 · VIX 양호"
"2025-09-10","2025-09-11","kospi","KOSPI","상승","상승","1","0.8951","0.497","0.497","당일 양호 · 5일 양호 · VIX 양호"
"2025-09-11","2025-09-12","kospi","KOSPI","상승","상승","1","1.5352","0.5425","0.5425","5일 양호 · VIX 양호 · 니케이 양호"
"2025-09-12","2025-09-15","kospi","KOSPI","상승","상승","1","0.3466","0.5041","0.5041","당일 양호 · 5일 양호 · VIX 양호"
"2025-09-15","2025-09-16","kospi","KOSPI","상승","상승","1","1.2417","0.4846","0.4846","5일 양호 · 20일 양호 · 추세 양호"
"2025-09-16","2025-09-17","kospi","KOSPI","상승","하락","0","-1.05","0.4802","0.4802","당일 양호 · 5일 양호 · 추세 양호"
"2025-09-17","2025-09-18","kospi","KOSPI","상승","상승","1","1.4033","0.2288","0.2288","5일 양호 · 20일 양호 · 추세 양호"
"2025-09-18","2025-09-19","kospi","KOSPI","상승","하락","0","-0.464","0.5681","0.5681","당일 양호 · 5일 양호 · 추세 양호"
"2025-09-19","2025-09-22","kospi","KOSPI","상승","상승","1","0.6795","0.2676","0.2676","20일 양호 · 추세 양호 · 반도체 양호"
"2025-09-22","2025-09-23","kospi","KOSPI","상승","상승","1","0.5057","0.5411","0.5411","나스닥선물 양호 · 20일 양호 · 추세 양호"
"2025-09-23","2025-09-24","kospi","KOSPI","상승","하락","0","-0.403","0.2869","0.2869","20일 양호 · 추세 양호 · 당일 양호"
"2025-09-24","2025-09-25","kospi","KOSPI","상승","하락","0","-0.0297","0.1652","0.1652","20일 양호 · 추세 양호 · 5일 양호"
"2025-09-25","2025-09-26","kospi","KOSPI","상승","하락","0","-2.4505","0.1653","0.1653","20일 양호 · 추세 양호 · 반도체 양호"
"2025-09-26","2025-09-29","kospi","KOSPI","상승","상승","1","1.3337","0.0921","0.0921","20일 양호 · 추세 양호 · 반도체 양호"
"2025-09-29","2025-09-30","kospi","KOSPI","상승","하락","0","-0.1926","0.3151","0.3151","당일 양호 · 추세 양호 · 20일 양호"
"2025-09-30","2025-10-01","kospi","KOSPI","상승","상승","1","0.9119","0.176","0.176","20일 양호 · 추세 양호 · 반도체 양호"
"2025-10-01","2025-10-02","kospi","KOSPI","상승","상승","1","2.7021","0.2861","0.2861","20일 양호 · 추세 양호 · 나스닥선물 양호"
"2025-10-02","2025-10-10","kospi","KOSPI","상승","상승","1","1.7297","0.438","0.438","당일 양호 · 추세 양호 · 5일 양호"
"2025-10-10","2025-10-13","kospi","KOSPI","상승","하락","0","-0.7215","0.0797","0.0797","당일 양호 · 5일 양호 · 추세 양호"
"2025-10-13","2025-10-14","kospi","KOSPI","상승","하락","0","-0.6344","0.2763","0.2763","나스닥선물 양호 · 5일 양호 · 20일 양호"
"2025-10-14","2025-10-15","kospi","KOSPI","상승","상승","1","2.6804","0.0406","0.0406","5일 양호 · 20일 양호 · 추세 양호"
"2025-10-15","2025-10-16","kospi","KOSPI","상승","상승","1","2.4907","0.3519","0.3519","당일 양호 · 5일 양호 · 추세 양호"
"2025-10-16","2025-10-17","kospi","KOSPI","상승","상승","1","0.0139","0.2835","0.2835","당일 양호 · 5일 양호 · 추세 양호"
"2025-10-17","2025-10-20","kospi","KOSPI","상승","상승","1","1.7552","0.2317","0.2317","5일 양호 · 20일 양호 · 추세 양호"
"2025-10-20","2025-10-21","kospi","KOSPI","상승","상승","1","0.2399","0.5729","0.5729","나스닥선물 양호 · 당일 양호 · 5일 양호"
"2025-10-21","2025-10-22","kospi","KOSPI","상승","상승","1","1.5649","0.2587","0.2587","5일 양호 · 20일 양호 · 추세 양호"
"2025-10-22","2025-10-23","kospi","KOSPI","상승","하락","0","-0.9815","0.2425","0.2425","당일 양호 · 5일 양호 · 추세 양호"
"2025-10-23","2025-10-24","kospi","KOSPI","상승","상승","1","2.4972","0.257","0.257","5일 양호 · 20일 양호 · 추세 양호"
"2025-10-24","2025-10-27","kospi","KOSPI","상승","상승","1","2.5685","0.563","0.563","나스닥선물 양호 · 당일 양호 · 5일 양호"
"2025-10-27","2025-10-28","kospi","KOSPI","상승","하락","0","-0.8019","0.623","0.623","나스닥선물 양호 · 당일 양호 · 5일 양호"
"2025-10-28","2025-10-29","kospi","KOSPI","상승","상승","1","1.7639","0.293","0.293","5일 양호 · 20일 양호 · 추세 양호"
"2025-10-29","2025-10-30","kospi","KOSPI","상승","상승","1","0.1406","0.4559","0.4559","당일 양호 · 5일 양호 · 추세 양호"
"2025-10-30","2025-10-31","kospi","KOSPI","상승","상승","1","0.5043","0.1314","0.1314","5일 양호 · 20일 양호 · 추세 양호"
"2025-10-31","2025-11-03","kospi","KOSPI","상승","상승","1","2.7844","0.4381","0.4381","5일 양호 · 20일 양호 · 니케이 양호"
"2025-11-03","2025-11-04","kospi","KOSPI","상승","하락","0","-2.3717","0.412","0.412","당일 양호 · 5일 양호 · 추세 양호"
"2025-11-04","2025-11-05","kospi","KOSPI","하락","하락","1","-2.8464","-0.0598","0.0598","당일 부담 · 나스닥선물 부담 · 니케이 부담"
"2025-11-05","2025-11-06","kospi","KOSPI","하락","상승","0","0.5501","-0.0207","0.0207","당일 부담 · 니케이 부담 · 5일 부담"
"2025-11-06","2025-11-07","kospi","KOSPI","상승","하락","0","-1.8053","0.045","0.045","20일 양호 · 니케이 양호 · 추세 양호"
"2025-11-07","2025-11-10","kospi","KOSPI","하락","상승","0","3.0219","-0.1422","0.1422","당일 부담 · 5일 부담 · 니케이 부담"
"2025-11-10","2025-11-11","kospi","KOSPI","상승","상승","1","0.8139","0.4267","0.4267","나스닥선물 양호 · 당일 양호 · 추세 양호"
"2025-11-11","2025-11-12","kospi","KOSPI","상승","상승","1","1.0715","0.1632","0.1632","20일 양호 · 추세 양호 · 당일 양호"
"2025-11-12","2025-11-13","kospi","KOSPI","상승","상승","1","0.4877","0.2888","0.2888","5일 양호 · 추세 양호 · 20일 양호"
"2025-11-13","2025-11-14","kospi","KOSPI","상승","하락","0","-3.8138","0.1052","0.1052","5일 양호 · 20일 양호 · 추세 양호"
"2025-11-14","2025-11-17","kospi","KOSPI","상승","상승","1","1.9364","0.0335","0.0335","20일 양호 · 추세 양호 · 5일 양호"
"2025-11-17","2025-11-18","kospi","KOSPI","상승","하락","0","-3.3167","0.0255","0.0255","당일 양호 · 추세 양호 · 20일 양호"
"2025-11-18","2025-11-19","kospi","KOSPI","하락","하락","1","-0.6098","-0.3565","0.3565","당일 부담 · 나스닥선물 부담 · 5일 부담"
"2025-11-19","2025-11-20","kospi","KOSPI","하락","상승","0","1.9173","-0.1312","0.1312","5일 부담 · VIX 부담 · VIX구조 부담"
"2025-11-20","2025-11-21","kospi","KOSPI","하락","하락","1","-3.7852","-0.0528","0.0528","나스닥선물 부담 · 5일 부담 · S&P선물 부담"
"2025-11-21","2025-11-24","kospi","KOSPI","하락","하락","1","-0.1869","-0.1845","0.1845","당일 부담 · 5일 부담 · 니케이 부담"
"2025-11-24","2025-11-25","kospi","KOSPI","상승","상승","1","0.3047","0.0035","0.0035","나스닥선물 양호 · S&P선물 양호 · VIX 양호"
"2025-11-25","2025-11-26","kospi","KOSPI","상승","상승","1","2.6723","0.0388","0.0388","나스닥선물 양호 · VIX 양호 · S&P선물 양호"
"2025-11-26","2025-11-27","kospi","KOSPI","상승","상승","1","0.6574","0.3036","0.3036","당일 양호 · 니케이 양호 · 나스닥선물 양호"
"2025-11-27","2025-11-28","kospi","KOSPI","상승","하락","0","-1.5129","0.252","0.252","니케이 양호 · 추세 양호 · VIX 양호"
"2025-11-28","2025-12-01","kospi","KOSPI","상승","하락","0","-0.1584","0.1346","0.1346","VIX 양호 · 5일 양호 · 나스닥선물 양호"
"2025-12-01","2025-12-02","kospi","KOSPI","하락","상승","0","1.9019","-0.0534","0.0534","20일 부담 · 니케이 부담 · 나스닥선물 부담"
"2025-12-02","2025-12-03","kospi","KOSPI","상승","상승","1","1.0356","0.3011","0.3011","당일 양호 · 5일 양호 · 나스닥선물 양호"
"2025-12-03","2025-12-04","kospi","KOSPI","상승","하락","0","-0.193","0.2267","0.2267","5일 양호 · 당일 양호 · 반도체 양호"
"2025-12-04","2025-12-05","kospi","KOSPI","상승","상승","1","1.7758","0.2155","0.2155","니케이 양호 · VIX 양호 · VIX구조 양호"
"2025-12-05","2025-12-08","kospi","KOSPI","상승","상승","1","1.3366","0.235","0.235","당일 양호 · 5일 양호 · 20일 양호"
"2025-12-08","2025-12-09","kospi","KOSPI","상승","하락","0","-0.272","0.2334","0.2334","당일 양호 · 5일 양호 · 추세 양호"
"2025-12-09","2025-12-10","kospi","KOSPI","상승","하락","0","-0.2063","0.2166","0.2166","5일 양호 · VIX 양호 · 반도체 양호"
"2025-12-10","2025-12-11","kospi","KOSPI","상승","하락","0","-0.5896","0.2301","0.2301","VIX 양호 · 5일 양호 · 반도체 양호"
"2025-12-11","2025-12-12","kospi","KOSPI","상승","상승","1","1.3755","0.0503","0.0503","5일 양호 · VIX 양호 · 반도체 양호"
"2025-12-12","2025-12-15","kospi","KOSPI","상승","하락","0","-1.8375","0.1938","0.1938","당일 양호 · 추세 양호 · 니케이 양호"
"2025-12-15","2025-12-16","kospi","KOSPI","하락","하락","1","-2.2359","-0.0768","0.0768","당일 부담 · 니케이 부담 · 5일 부담"
"2025-12-16","2025-12-17","kospi","KOSPI","하락","상승","0","1.4323","-0.1229","0.1229","당일 부담 · 5일 부담 · 니케이 부담"
"2025-12-17","2025-12-18","kospi","KOSPI","하락","하락","1","-1.526","-0.0616","0.0616","나스닥선물 부담 · S&P선물 부담 · 5일 부담"
"2025-12-18","2025-12-19","kospi","KOSPI","하락","상승","0","0.6519","-0.0232","0.0232","당일 부담 · 5일 부담 · 니케이 부담"
"2025-12-19","2025-12-22","kospi","KOSPI","상승","상승","1","2.1236","0.204","0.204","VIX 양호 · 20일 양호 · 당일 양호"
"2025-12-22","2025-12-23","kospi","KOSPI","상승","상승","1","0.2774","0.4955","0.4955","나스닥선물 양호 · 당일 양호 · VIX 양호"
"2025-12-23","2025-12-24","kospi","KOSPI","상승","하락","0","-0.2113","0.4117","0.4117","5일 양호 · VIX 양호 · 20일 양호"
"2025-12-24","2025-12-26","kospi","KOSPI","상승","상승","1","0.5126","0.2698","0.2698","VIX 양호 · 반도체 양호 · 20일 양호"
"2025-12-26","2025-12-29","kospi","KOSPI","상승","상승","1","2.2007","0.5133","0.5133","5일 양호 · VIX 양호 · 추세 양호"
"2025-12-29","2025-12-30","kospi","KOSPI","상승","하락","0","-0.1514","0.4092","0.4092","당일 양호 · 5일 양호 · VIX 양호"
"2025-12-30","2026-01-02","kospi","KOSPI","상승","상승","1","2.2652","0.323","0.323","5일 양호 · VIX 양호 · 20일 양호"
"2026-01-02","2026-01-05","kospi","KOSPI","상승","상승","1","3.4316","0.4335","0.4335","당일 양호 · 5일 양호 · VIX 양호"
"2026-01-05","2026-01-06","kospi","KOSPI","상승","상승","1","1.5246","0.65","0.65","당일 양호 · 5일 양호 · VIX 양호"
"2026-01-06","2026-01-07","kospi","KOSPI","상승","상승","1","0.5652","0.624","0.624","당일 양호 · 5일 양호 · 추세 양호"
"2026-01-07","2026-01-08","kospi","KOSPI","상승","상승","1","0.0288","0.3165","0.3165","5일 양호 · 20일 양호 · 추세 양호"
"2026-01-08","2026-01-09","kospi","KOSPI","상승","상승","1","0.7458","0.2829","0.2829","5일 양호 · VIX 양호 · 20일 양호"
"2026-01-09","2026-01-12","kospi","KOSPI","상승","상승","1","0.8388","0.5775","0.5775","5일 양호 · VIX 양호 · 20일 양호"
"2026-01-12","2026-01-13","kospi","KOSPI","상승","상승","1","1.4671","0.4449","0.4449","5일 양호 · 20일 양호 · 니케이 양호"
"2026-01-13","2026-01-14","kospi","KOSPI","상승","상승","1","0.6491","0.4637","0.4637","당일 양호 · 5일 양호 · 추세 양호"
"2026-01-14","2026-01-15","kospi","KOSPI","상승","상승","1","1.5763","0.2675","0.2675","5일 양호 · 20일 양호 · 니케이 양호"
"2026-01-15","2026-01-16","kospi","KOSPI","상승","상승","1","0.9003","0.4294","0.4294","당일 양호 · 5일 양호 · 추세 양호"
"2026-01-16","2026-01-19","kospi","KOSPI","상승","상승","1","1.3205","0.384","0.384","5일 양호 · 20일 양호 · 추세 양호"
"2026-01-19","2026-01-20","kospi","KOSPI","상승","하락","0","-0.3856","0.3147","0.3147","당일 양호 · 5일 양호 · 추세 양호"
"2026-01-20","2026-01-21","kospi","KOSPI","상승","상승","1","0.4949","0.0599","0.0599","5일 양호 · 20일 양호 · 추세 양호"
"2026-01-21","2026-01-22","kospi","KOSPI","상승","상승","1","0.8676","0.4594","0.4594","나스닥선물 양호 · 5일 양호 · 20일 양호"
"2026-01-22","2026-01-23","kospi","KOSPI","상승","상승","1","0.758","0.5478","0.5478","5일 양호 · 20일 양호 · 니케이 양호"
"2026-01-23","2026-01-26","kospi","KOSPI","상승","하락","0","-0.8112","0.4278","0.4278","5일 양호 · 20일 양호 · 추세 양호"
"2026-01-26","2026-01-27","kospi","KOSPI","상승","상승","1","2.7328","0.3028","0.3028","20일 양호 · 추세 양호 · 반도체 양호"
"2026-01-27","2026-01-28","kospi","KOSPI","상승","상승","1","1.6905","0.5549","0.5549","당일 양호 · 5일 양호 · 추세 양호"
"2026-01-28","2026-01-29","kospi","KOSPI","상승","상승","1","0.9755","0.4718","0.4718","당일 양호 · 5일 양호 · 추세 양호"
"2026-01-29","2026-01-30","kospi","KOSPI","상승","상승","1","0.0596","0.3791","0.3791","5일 양호 · 20일 양호 · 추세 양호"
"2026-01-30","2026-02-02","kospi","KOSPI","상승","하락","0","-5.2579","0.2297","0.2297","5일 양호 · 20일 양호 · 추세 양호"
"2026-02-02","2026-02-03","kospi","KOSPI","상승","상승","1","6.837","0.2232","0.2232","20일 양호 · 나스닥선물 양호 · 반도체 양호"
"2026-02-03","2026-02-04","kospi","KOSPI","상승","상승","1","1.5699","0.3343","0.3343","당일 양호 · 5일 양호 · 추세 양호"
"2026-02-04","2026-02-05","kospi","KOSPI","상승","하락","0","-3.8638","0.1577","0.1577","당일 양호 · 5일 양호 · 추세 양호"
"2026-02-05","2026-02-06","kospi","KOSPI","하락","하락","1","-1.4414","-0.1634","0.1634","당일 부담 · 나스닥선물 부담 · S&P선물 부담"
"2026-02-06","2026-02-09","kospi","KOSPI","상승","상승","1","4.1048","0.2207","0.2207","나스닥선물 양호 · 20일 양호 · S&P선물 양호"
"2026-02-09","2026-02-10","kospi","KOSPI","상승","상승","1","0.0689","0.527","0.527","당일 양호 · 5일 양호 · 추세 양호"
"2026-02-10","2026-02-11","kospi","KOSPI","상승","상승","1","0.9959","0.1929","0.1929","20일 양호 · 니케이 양호 · 추세 양호"
"2026-02-11","2026-02-12","kospi","KOSPI","상승","상승","1","3.1334","0.2428","0.2428","20일 양호 · 니케이 양호 · 추세 양호"
"2026-02-12","2026-02-13","kospi","KOSPI","상승","하락","0","-0.2763","0.2334","0.2334","당일 양호 · 5일 양호 · 추세 양호"
"2026-02-13","2026-02-19","kospi","KOSPI","상승","상승","1","3.0913","0.208","0.208","5일 양호 · 20일 양호 · 추세 양호"
"2026-02-19","2026-02-20","kospi","KOSPI","상승","상승","1","2.3124","0.3959","0.3959","당일 양호 · 5일 양호 · 추세 양호"
"2026-02-20","2026-02-23","kospi","KOSPI","상승","상승","1","0.6466","0.4688","0.4688","당일 양호 · 5일 양호 · 추세 양호"
"2026-02-23","2026-02-24","kospi","KOSPI","상승","상승","1","2.1134","0.143","0.143","5일 양호 · 20일 양호 · 추세 양호"
"2026-02-24","2026-02-25","kospi","KOSPI","상승","상승","1","1.9133","0.6302","0.6302","나스닥선물 양호 · 당일 양호 · 5일 양호"
"2026-02-25","2026-02-26","kospi","KOSPI","상승","상승","1","3.6722","0.6275","0.6275","나스닥선물 양호 · 당일 양호 · 5일 양호"
"2026-02-26","2026-02-27","kospi","KOSPI","상승","하락","0","-1.0011","0.3027","0.3027","당일 양호 · 5일 양호 · 추세 양호"
"2026-02-27","2026-03-03","kospi","KOSPI","상승","하락","0","-7.2423","0.1643","0.1643","5일 양호 · 20일 양호 · 추세 양호"
"2026-03-03","2026-03-04","kospi","KOSPI","하락","하락","1","-12.0577","-0.2199","0.2199","당일 부담 · 나스닥선물 부담 · 니케이 부담"
"2026-03-04","2026-03-05","kospi","KOSPI","하락","상승","0","9.6271","-0.1495","0.1495","당일 부담 · 5일 부담 · 니케이 부담"
"2026-03-05","2026-03-06","kospi","KOSPI","하락","상승","0","0.0174","-0.0123","0.0123","5일 부담 · VIX 부담 · VIX구조 부담"
"2026-03-06","2026-03-09","kospi","KOSPI","하락","하락","1","-5.9625","-0.224","0.224","나스닥선물 부담 · 5일 부담 · VIX 부담"
"2026-03-09","2026-03-10","kospi","KOSPI","하락","상승","0","5.3451","-0.1291","0.1291","당일 부담 · 5일 부담 · 니케이 부담"
"2026-03-10","2026-03-11","kospi","KOSPI","상승","상승","1","1.3983","0.1254","0.1254","당일 양호 · 추세 양호 · 니케이 양호"
"2026-03-11","2026-03-12","kospi","KOSPI","상승","하락","0","-0.4759","0.2075","0.2075","당일 양호 · 5일 양호 · 추세 양호"
"2026-03-12","2026-03-13","kospi","KOSPI","하락","하락","1","-1.7196","-0.2776","0.2776","나스닥선물 부담 · 니케이 부담 · VIX 부담"
"2026-03-13","2026-03-16","kospi","KOSPI","하락","상승","0","1.141","-0.3136","0.3136","당일 부담 · 니케이 부담 · VIX 부담"
"2026-03-16","2026-03-17","kospi","KOSPI","상승","상승","1","1.633","0.3401","0.3401","나스닥선물 양호 · 5일 양호 · 추세 양호"
"2026-03-17","2026-03-18","kospi","KOSPI","상승","상승","1","5.0448","0.2045","0.2045","당일 양호 · 추세 양호 · 20일 양호"
"2026-03-18","2026-03-19","kospi","KOSPI","상승","하락","0","-2.7309","0.1043","0.1043","당일 양호 · 5일 양호 · 추세 양호"
"2026-03-19","2026-03-20","kospi","KOSPI","하락","상승","0","0.312","-0.2178","0.2178","당일 부담 · 니케이 부담 · VIX 부담"
"2026-03-20","2026-03-23","kospi","KOSPI","하락","하락","1","-6.4943","-0.1058","0.1058","니케이 부담 · VIX 부담 · 나스닥선물 부담"
"2026-03-23","2026-03-24","kospi","KOSPI","하락","상승","0","2.741","-0.2942","0.2942","당일 부담 · 5일 부담 · 20일 부담"
"2026-03-24","2026-03-25","kospi","KOSPI","하락","상승","0","1.5897","-0.1503","0.1503","나스닥선물 부담 · 20일 부담 · VIX 부담"
"2026-03-25","2026-03-26","kospi","KOSPI","상승","하락","0","-3.2213","0.0207","0.0207","당일 양호 · 추세 양호 · 니케이 양호"
"2026-03-26","2026-03-27","kospi","KOSPI","하락","하락","1","-0.3954","-0.5822","0.5822","당일 부담 · 나스닥선물 부담 · 5일 부담"
"2026-03-27","2026-03-30","kospi","KOSPI","하락","하락","1","-2.9707","-0.5928","0.5928","나스닥선물 부담 · 5일 부담 · VIX 부담"
"2026-03-30","2026-03-31","kospi","KOSPI","하락","하락","1","-4.2605","-0.6014","0.6014","당일 부담 · 나스닥선물 부담 · 추세 부담"
"2026-03-31","2026-04-01","kospi","KOSPI","하락","상승","0","8.4363","-0.3117","0.3117","당일 부담 · 5일 부담 · 추세 부담"
"2026-04-01","2026-04-02","kospi","KOSPI","상승","하락","0","-4.4655","0.0851","0.0851","나스닥선물 양호 · 당일 양호 · 20일 양호"
"2026-04-02","2026-04-03","kospi","KOSPI","하락","상승","0","2.7369","-0.467","0.467","당일 부담 · 5일 부담 · 추세 부담"
"2026-04-03","2026-04-06","kospi","KOSPI","하락","상승","0","1.3581","-0.1093","0.1093","추세 부담 · 20일 부담 · 달러원 부담"
"2026-04-06","2026-04-07","kospi","KOSPI","상승","상승","1","0.8155","0.0181","0.0181","당일 양호 · 5일 양호 · 나스닥선물 양호"
"2026-04-07","2026-04-08","kospi","KOSPI","하락","상승","0","6.8713","-0.0061","0.0061","추세 부담 · 코스닥상대 부담 · 코스닥 부담"
"2026-04-08","2026-04-09","kospi","KOSPI","상승","하락","0","-1.6063","0.3944","0.3944","나스닥선물 양호 · 당일 양호 · 5일 양호"
"2026-04-09","2026-04-10","kospi","KOSPI","상승","상승","1","1.3994","0.1531","0.1531","5일 양호 · VIX 양호 · 반도체 양호"
"2026-04-10","2026-04-13","kospi","KOSPI","상승","하락","0","-0.8577","0.4724","0.4724","당일 양호 · 5일 양호 · 추세 양호"
"2026-04-13","2026-04-14","kospi","KOSPI","상승","상승","1","2.7395","0.3542","0.3542","나스닥선물 양호 · 5일 양호 · 추세 양호"
"2026-04-14","2026-04-15","kospi","KOSPI","상승","상승","1","2.0718","0.6492","0.6492","나스닥선물 양호 · 당일 양호 · 5일 양호"
"2026-04-15","2026-04-16","kospi","KOSPI","상승","상승","1","2.2107","0.5558","0.5558","나스닥선물 양호 · 당일 양호 · 5일 양호"
"2026-04-16","2026-04-17","kospi","KOSPI","상승","하락","0","-0.5482","0.533","0.533","당일 양호 · 5일 양호 · 추세 양호"
"2026-04-17","2026-04-20","kospi","KOSPI","상승","상승","1","0.4388","0.4207","0.4207","나스닥선물 양호 · 5일 양호 · 20일 양호"
"2026-04-20","2026-04-21","kospi","KOSPI","상승","상승","1","2.7236","0.3641","0.3641","5일 양호 · 20일 양호 · 추세 양호"
"2026-04-21","2026-04-22","kospi","KOSPI","상승","상승","1","0.4611","0.413","0.413","당일 양호 · 5일 양호 · 추세 양호"
"2026-04-22","2026-04-23","kospi","KOSPI","상승","상승","1","0.9018","0.5722","0.5722","나스닥선물 양호 · 5일 양호 · 20일 양호"
"2026-04-23","2026-04-24","kospi","KOSPI","상승","하락","0","-0.0028","0.2606","0.2606","5일 양호 · 20일 양호 · 추세 양호"
"2026-04-24","2026-04-27","kospi","KOSPI","상승","상승","1","2.1527","0.5426","0.5426","나스닥선물 양호 · 5일 양호 · 20일 양호"
"2026-04-27","2026-04-28","kospi","KOSPI","상승","상승","1","0.3929","0.5415","0.5415","당일 양호 · 5일 양호 · 추세 양호"
"2026-04-28","2026-04-29","kospi","KOSPI","상승","상승","1","0.7511","0.1999","0.1999","5일 양호 · 20일 양호 · 추세 양호"
"2026-04-29","2026-04-30","kospi","KOSPI","상승","하락","0","-1.3754","0.3928","0.3928","5일 양호 · 20일 양호 · 추세 양호"
"2026-04-30","2026-05-04","kospi","KOSPI","상승","상승","1","5.1239","0.3135","0.3135","20일 양호 · S&P선물 양호 · VIX 양호"
"2026-05-04","2026-05-06","kospi","KOSPI","상승","상승","1","6.4519","0.4281","0.4281","당일 양호 · 5일 양호 · 추세 양호"
"2026-05-06","2026-05-07","kospi","KOSPI","상승","상승","1","1.4285","0.639","0.639","나스닥선물 양호 · 당일 양호 · 5일 양호"
"2026-05-07","2026-05-08","kospi","KOSPI","상승","상승","1","0.1061","0.4526","0.4526","당일 양호 · 5일 양호 · 추세 양호"
"2026-05-08","2026-05-11","kospi","KOSPI","상승","상승","1","4.3244","0.5112","0.5112","나스닥선물 양호 · 5일 양호 · 20일 양호"
"2026-05-11","2026-05-12","kospi","KOSPI","상승","하락","0","-2.2895","0.4395","0.4395","당일 양호 · 5일 양호 · 추세 양호"
"2026-05-12","2026-05-13","kospi","KOSPI","상승","상승","1","2.628","0.1929","0.1929","5일 양호 · 20일 양호 · VIX 양호"
"2026-05-13","2026-05-14","kospi","KOSPI","상승","상승","1","1.7517","0.6108","0.6108","나스닥선물 양호 · 당일 양호 · 5일 양호"
"2026-05-14","2026-05-15","kospi","KOSPI","상승","하락","0","-6.1171","0.5082","0.5082","당일 양호 · 5일 양호 · 추세 양호"
"2026-05-15","2026-05-18","kospi","KOSPI","하락","상승","0","0.3051","-0.1127","0.1127","당일 부담 · 나스닥선물 부담 · 니케이 부담"
"2026-05-18","2026-05-19","kospi","KOSPI","상승","하락","0","-3.2514","0.0062","0.0062","20일 양호 · 추세 양호 · 반도체 양호"
"2026-05-19","2026-05-20","kospi","KOSPI","하락","하락","1","-0.8624","-0.1475","0.1475","당일 부담 · 5일 부담 · 나스닥선물 부담"
"2026-05-20","2026-05-21","kospi","KOSPI","상승","상승","1","8.4151","0.1372","0.1372","나스닥선물 양호 · 20일 양호 · 추세 양호"
"2026-05-21","2026-05-22","kospi","KOSPI","상승","상승","1","0.411","0.2797","0.2797","당일 양호 · 추세 양호 · 20일 양호"
"2026-05-22","2026-05-26","kospi","KOSPI","상승","상승","1","2.546","0.3609","0.3609","5일 양호 · 20일 양호 · 니케이 양호"
"2026-05-26","2026-05-27","kospi","KOSPI","상승","상승","1","2.2515","0.5514","0.5514","나스닥선물 양호 · 당일 양호 · 5일 양호"
"2026-05-27","2026-05-28","kospi","KOSPI","상승","하락","0","-0.5275","0.3607","0.3607","당일 양호 · 5일 양호 · 추세 양호"
"2026-05-28","2026-05-29","kospi","KOSPI","상승","상승","1","3.5535","0.3108","0.3108","5일 양호 · 20일 양호 · 추세 양호"
"2026-05-29","2026-06-01","kospi","KOSPI","상승","상승","1","3.6836","0.4271","0.4271","당일 양호 · 5일 양호 · 추세 양호"
"2025-05-30","2025-06-02","nasdaq","NASDAQ","상승","상승","1","0.6741","0.3397","0.3397","VIX 양호 · 20일 양호 · 추세 양호"
"2025-06-02","2025-06-03","nasdaq","NASDAQ","상승","상승","1","0.8125","0.4887","0.4887","나스닥선물 양호 · VIX 양호 · 20일 양호"
"2025-06-03","2025-06-04","nasdaq","NASDAQ","상승","상승","1","0.3172","0.4782","0.4782","나스닥선물 양호 · VIX 양호 · 20일 양호"
"2025-06-04","2025-06-05","nasdaq","NASDAQ","상승","하락","0","-0.8327","0.394","0.394","VIX 양호 · 20일 양호 · 추세 양호"
"2025-06-05","2025-06-06","nasdaq","NASDAQ","상승","상승","1","1.1996","0.1858","0.1858","VIX 양호 · 20일 양호 · 추세 양호"
"2025-06-06","2025-06-09","nasdaq","NASDAQ","상승","상승","1","0.3138","0.4786","0.4786","나스닥선물 양호 · VIX 양호 · 추세 양호"
"2025-06-09","2025-06-10","nasdaq","NASDAQ","상승","상승","1","0.6317","0.3494","0.3494","VIX 양호 · 20일 양호 · 추세 양호"
"2025-06-10","2025-06-11","nasdaq","NASDAQ","상승","하락","0","-0.5027","0.4508","0.4508","나스닥선물 양호 · VIX 양호 · 추세 양호"
"2025-06-11","2025-06-12","nasdaq","NASDAQ","상승","상승","1","0.2376","0.2021","0.2021","VIX 양호 · 추세 양호 · 시장레짐 양호"
"2025-06-12","2025-06-13","nasdaq","NASDAQ","상승","하락","0","-1.3002","0.2818","0.2818","추세 양호 · 시장레짐 양호 · 반도체 양호"
"2025-06-13","2025-06-16","nasdaq","NASDAQ","하락","상승","0","1.5169","-0.0573","0.0573","나스닥선물 부담 · 당일 부담 · 나스닥폭 부담"
"2025-06-16","2025-06-17","nasdaq","NASDAQ","상승","하락","0","-0.9143","0.4121","0.4121","나스닥선물 양호 · 당일 양호 · 추세 양호"
"2025-06-17","2025-06-18","nasdaq","NASDAQ","하락","상승","0","0.129","-0.0197","0.0197","나스닥선물 부담 · 나스닥폭 부담 · 당일 부담"
"2025-06-18","2025-06-20","nasdaq","NASDAQ","상승","하락","0","-0.5058","0.1214","0.1214","추세 양호 · 반도체 양호 · 시장레짐 양호"
"2025-06-20","2025-06-23","nasdaq","NASDAQ","상승","상승","1","0.9439","0.1705","0.1705","나스닥선물 양호 · 시장레짐 양호 · 반도체 양호"
"2025-06-23","2025-06-24","nasdaq","NASDAQ","상승","상승","1","1.4343","0.4429","0.4429","나스닥선물 양호 · VIX 양호 · 당일 양호"
"2025-06-24","2025-06-25","nasdaq","NASDAQ","상승","상승","1","0.3064","0.5829","0.5829","나스닥선물 양호 · 당일 양호 · 20일 양호"
"2025-06-25","2025-06-26","nasdaq","NASDAQ","상승","상승","1","0.9731","0.369","0.369","추세 양호 · 5일 양호 · VIX 양호"
"2025-06-26","2025-06-27","nasdaq","NASDAQ","상승","상승","1","0.5234","0.5172","0.5172","나스닥선물 양호 · 5일 양호 · VIX 양호"
"2025-06-27","2025-06-30","nasdaq","NASDAQ","상승","상승","1","0.4749","0.4473","0.4473","5일 양호 · VIX 양호 · 추세 양호"
"2025-06-30","2025-07-01","nasdaq","NASDAQ","상승","하락","0","-0.8191","0.5833","0.5833","5일 양호 · 나스닥선물 양호 · VIX 양호"
"2025-07-01","2025-07-02","nasdaq","NASDAQ","상승","상승","1","0.9416","0.2265","0.2265","VIX 양호 · 추세 양호 · 시장레짐 양호"
"2025-07-02","2025-07-03","nasdaq","NASDAQ","상승","상승","1","1.0198","0.5509","0.5509","나스닥선물 양호 · VIX 양호 · 추세 양호"
"2025-07-03","2025-07-07","nasdaq","NASDAQ","상승","하락","0","-0.9154","0.484","0.484","나스닥선물 양호 · 추세 양호 · 20일 양호"
"2025-07-07","2025-07-08","nasdaq","NASDAQ","상승","상승","1","0.0291","0.2667","0.2667","추세 양호 · VIX 양호 · 시장레짐 양호"
"2025-07-08","2025-07-09","nasdaq","NASDAQ","상승","상승","1","0.9446","0.3255","0.3255","VIX 양호 · 추세 양호 · 반도체 양호"
"2025-07-09","2025-07-10","nasdaq","NASDAQ","상승","상승","1","0.0937","0.4938","0.4938","나스닥선물 양호 · VIX 양호 · 추세 양호"
"2025-07-10","2025-07-11","nasdaq","NASDAQ","상승","하락","0","-0.2188","0.3141","0.3141","추세 양호 · VIX 양호 · 반도체 양호"
"2025-07-11","2025-07-14","nasdaq","NASDAQ","상승","상승","1","0.2662","0.2781","0.2781","추세 양호 · VIX 양호 · 반도체 양호"
"2025-07-14","2025-07-15","nasdaq","NASDAQ","상승","상승","1","0.1815","0.3103","0.3103","추세 양호 · VIX 양호 · 반도체 양호"
"2025-07-15","2025-07-16","nasdaq","NASDAQ","상승","상승","1","0.2548","0.3091","0.3091","20일 양호 · 추세 양호 · 반도체 양호"
"2025-07-16","2025-07-17","nasdaq","NASDAQ","상승","상승","1","0.7485","0.2811","0.2811","추세 양호 · VIX 양호 · 반도체 양호"
"2025-07-17","2025-07-18","nasdaq","NASDAQ","상승","상승","1","0.0479","0.4471","0.4471","나스닥선물 양호 · 20일 양호 · 추세 양호"
"2025-07-18","2025-07-21","nasdaq","NASDAQ","상승","상승","1","0.3758","0.3476","0.3476","20일 양호 · 추세 양호 · VIX 양호"
"2025-07-21","2025-07-22","nasdaq","NASDAQ","상승","하락","0","-0.3885","0.4542","0.4542","나스닥선물 양호 · VIX 양호 · 20일 양호"
"2025-07-22","2025-07-23","nasdaq","NASDAQ","상승","상승","1","0.6094","0.2247","0.2247","VIX 양호 · 추세 양호 · 20일 양호"
"2025-07-23","2025-07-24","nasdaq","NASDAQ","상승","상승","1","0.1805","0.3801","0.3801","VIX 양호 · 추세 양호 · 20일 양호"
"2025-07-24","2025-07-25","nasdaq","NASDAQ","상승","상승","1","0.2391","0.3615","0.3615","VIX 양호 · 추세 양호 · 시장레짐 양호"
"2025-07-25","2025-07-28","nasdaq","NASDAQ","상승","상승","1","0.3329","0.3492","0.3492","VIX 양호 · 추세 양호 · 시장레짐 양호"
"2025-07-28","2025-07-29","nasdaq","NASDAQ","상승","하락","0","-0.3791","0.3264","0.3264","VIX 양호 · 추세 양호 · 시장레짐 양호"
"2025-07-29","2025-07-30","nasdaq","NASDAQ","상승","상승","1","0.1487","0.2615","0.2615","VIX 양호 · 추세 양호 · 반도체 양호"
"2025-07-30","2025-07-31","nasdaq","NASDAQ","상승","하락","0","-0.0342","0.3266","0.3266","추세 양호 · 반도체 양호 · VIX 양호"
"2025-07-31","2025-08-01","nasdaq","NASDAQ","상승","하락","0","-2.2361","0.0648","0.0648","추세 양호 · 시장레짐 양호 · 반도체 양호"
"2025-08-01","2025-08-04","nasdaq","NASDAQ","하락","상승","0","1.9537","-0.2157","0.2157","나스닥선물 부담 · 당일 부담 · 나스닥폭 부담"
"2025-08-04","2025-08-05","nasdaq","NASDAQ","상승","하락","0","-0.6509","0.4765","0.4765","나스닥선물 양호 · 당일 양호 · 추세 양호"
"2025-08-05","2025-08-06","nasdaq","NASDAQ","상승","상승","1","1.2089","0.0741","0.0741","VIX 양호 · 시장레짐 양호 · 추세 양호"
"2025-08-06","2025-08-07","nasdaq","NASDAQ","상승","상승","1","0.3462","0.4476","0.4476","나스닥선물 양호 · 당일 양호 · 추세 양호"
"2025-08-07","2025-08-08","nasdaq","NASDAQ","상승","상승","1","0.976","0.2815","0.2815","추세 양호 · VIX 양호 · 시장레짐 양호"
"2025-08-08","2025-08-11","nasdaq","NASDAQ","상승","하락","0","-0.3013","0.4635","0.4635","5일 양호 · 나스닥선물 양호 · 추세 양호"
"2025-08-11","2025-08-12","nasdaq","NASDAQ","상승","상승","1","1.3865","0.2755","0.2755","VIX 양호 · 추세 양호 · 시장레짐 양호"
"2025-08-12","2025-08-13","nasdaq","NASDAQ","상승","상승","1","0.1441","0.6236","0.6236","나스닥선물 양호 · VIX 양호 · 당일 양호"
"2025-08-13","2025-08-14","nasdaq","NASDAQ","상승","하락","0","-0.0114","0.3995","0.3995","VIX 양호 · 5일 양호 · 추세 양호"
"2025-08-14","2025-08-15","nasdaq","NASDAQ","상승","하락","0","-0.4039","0.3186","0.3186","추세 양호 · VIX 양호 · 5일 양호"
"2025-08-15","2025-08-18","nasdaq","NASDAQ","상승","상승","1","0.0314","0.128","0.128","추세 양호 · VIX 양호 · 시장레짐 양호"
"2025-08-18","2025-08-19","nasdaq","NASDAQ","상승","하락","0","-1.4555","0.2726","0.2726","추세 양호 · VIX 양호 · 시장레짐 양호"
"2025-08-19","2025-08-20","nasdaq","NASDAQ","하락","하락","1","-0.6666","-0.117","0.117","나스닥선물 부담 · 당일 부담 · 나스닥폭 부담"
"2025-08-20","2025-08-21","nasdaq","NASDAQ","하락","하락","1","-0.3427","-0.0337","0.0337","나스닥폭 부담 · 나스닥선물 부담 · 5일 부담"
"2025-08-21","2025-08-22","nasdaq","NASDAQ","상승","상승","1","1.8778","0.0967","0.0967","VIX 양호 · 시장레짐 양호 · VIX구조 양호"
"2025-08-22","2025-08-25","nasdaq","NASDAQ","상승","하락","0","-0.2198","0.4972","0.4972","나스닥선물 양호 · VIX 양호 · 당일 양호"
"2025-08-25","2025-08-26","nasdaq","NASDAQ","상승","상승","1","0.4428","0.1393","0.1393","VIX 양호 · 시장레짐 양호 · 추세 양호"
"2025-08-26","2025-08-27","nasdaq","NASDAQ","상승","상승","1","0.2129","0.2828","0.2828","VIX 양호 · 시장레짐 양호 · 반도체 양호"
"2025-08-27","2025-08-28","nasdaq","NASDAQ","상승","상승","1","0.5327","0.3126","0.3126","VIX 양호 · 5일 양호 · 시장레짐 양호"
"2025-08-28","2025-08-29","nasdaq","NASDAQ","상승","하락","0","-1.15","0.4053","0.4053","나스닥선물 양호 · 5일 양호 · VIX 양호"
"2025-08-29","2025-09-02","nasdaq","NASDAQ","하락","하락","1","-0.8199","-0.048","0.048","나스닥선물 부담 · 당일 부담 · 나스닥폭 부담"
"2025-09-02","2025-09-03","nasdaq","NASDAQ","하락","상승","0","1.0249","-0.0346","0.0346","나스닥선물 부담 · 나스닥폭 부담 · 당일 부담"
"2025-09-03","2025-09-04","nasdaq","NASDAQ","상승","상승","1","0.9767","0.3201","0.3201","나스닥선물 양호 · VIX 양호 · 당일 양호"
"2025-09-04","2025-09-05","nasdaq","NASDAQ","상승","하락","0","-0.0336","0.3467","0.3467","나스닥선물 양호 · VIX 양호 · 당일 양호"
"2025-09-05","2025-09-08","nasdaq","NASDAQ","상승","상승","1","0.453","0.2434","0.2434","VIX 양호 · 금리 양호 · 시장레짐 양호"
"2025-09-08","2025-09-09","nasdaq","NASDAQ","상승","상승","1","0.3706","0.4052","0.4052","나스닥선물 양호 · VIX 양호 · 당일 양호"
"2025-09-09","2025-09-10","nasdaq","NASDAQ","상승","상승","1","0.03","0.3736","0.3736","VIX 양호 · 5일 양호 · 금리 양호"
"2025-09-10","2025-09-11","nasdaq","NASDAQ","상승","상승","1","0.7174","0.3499","0.3499","VIX 양호 · 추세 양호 · 반도체 양호"
"2025-09-11","2025-09-12","nasdaq","NASDAQ","상승","상승","1","0.4447","0.4477","0.4477","VIX 양호 · 나스닥선물 양호 · 추세 양호"
"2025-09-12","2025-09-15","nasdaq","NASDAQ","상승","상승","1","0.9379","0.3483","0.3483","VIX 양호 · 추세 양호 · 5일 양호"
"2025-09-15","2025-09-16","nasdaq","NASDAQ","상승","하락","0","-0.0662","0.4451","0.4451","나스닥선물 양호 · 5일 양호 · 추세 양호"
"2025-09-16","2025-09-17","nasdaq","NASDAQ","상승","하락","0","-0.3252","0.3833","0.3833","추세 양호 · VIX 양호 · 반도체 양호"
"2025-09-17","2025-09-18","nasdaq","NASDAQ","상승","상승","1","0.9406","0.3025","0.3025","VIX 양호 · 시장레짐 양호 · 반도체 양호"
"2025-09-18","2025-09-19","nasdaq","NASDAQ","상승","상승","1","0.7154","0.5448","0.5448","나스닥선물 양호 · 반도체 양호 · 추세 양호"
"2025-09-19","2025-09-22","nasdaq","NASDAQ","상승","상승","1","0.6959","0.4381","0.4381","20일 양호 · 추세 양호 · VIX 양호"
"2025-09-22","2025-09-23","nasdaq","NASDAQ","상승","하락","0","-0.9457","0.5278","0.5278","나스닥선물 양호 · 반도체 양호 · 추세 양호"
"2025-09-23","2025-09-24","nasdaq","NASDAQ","상승","하락","0","-0.335","0.1855","0.1855","반도체 양호 · VIX 양호 · 20일 양호"
"2025-09-24","2025-09-25","nasdaq","NASDAQ","상승","하락","0","-0.503","0.2661","0.2661","추세 양호 · 반도체 양호 · VIX 양호"
"2025-09-25","2025-09-26","nasdaq","NASDAQ","상승","상승","1","0.4439","0.1515","0.1515","반도체 양호 · VIX 양호 · 시장레짐 양호"
"2025-09-26","2025-09-29","nasdaq","NASDAQ","상승","상승","1","0.4762","0.294","0.294","추세 양호 · 반도체 양호 · VIX 양호"
"2025-09-29","2025-09-30","nasdaq","NASDAQ","상승","상승","1","0.3048","0.3218","0.3218","추세 양호 · 반도체 양호 · 20일 양호"
"2025-09-30","2025-10-01","nasdaq","NASDAQ","상승","상승","1","0.4199","0.3274","0.3274","20일 양호 · 추세 양호 · 반도체 양호"
"2025-10-01","2025-10-02","nasdaq","NASDAQ","상승","상승","1","0.3906","0.4099","0.4099","나스닥선물 양호 · 반도체 양호 · 추세 양호"
"2025-10-02","2025-10-03","nasdaq","NASDAQ","상승","하락","0","-0.2782","0.3656","0.3656","반도체 양호 · 추세 양호 · 5일 양호"
"2025-10-03","2025-10-06","nasdaq","NASDAQ","상승","상승","1","0.7074","0.3005","0.3005","추세 양호 · 반도체 양호 · 20일 양호"
"2025-10-06","2025-10-07","nasdaq","NASDAQ","상승","하락","0","-0.6683","0.4662","0.4662","나스닥선물 양호 · 반도체 양호 · 추세 양호"
"2025-10-07","2025-10-08","nasdaq","NASDAQ","상승","상승","1","1.1191","0.1962","0.1962","추세 양호 · 반도체 양호 · VIX 양호"
"2025-10-08","2025-10-09","nasdaq","NASDAQ","상승","하락","0","-0.0814","0.5418","0.5418","나스닥선물 양호 · 추세 양호 · 반도체 양호"
"2025-10-09","2025-10-10","nasdaq","NASDAQ","상승","하락","0","-3.5623","0.201","0.201","반도체 양호 · 추세 양호 · 시장레짐 양호"
"2025-10-10","2025-10-13","nasdaq","NASDAQ","하락","상승","0","2.2076","-0.2071","0.2071","나스닥선물 부담 · 당일 부담 · 5일 부담"
"2025-10-13","2025-10-14","nasdaq","NASDAQ","상승","하락","0","-0.7619","0.3457","0.3457","나스닥선물 양호 · 당일 양호 · 추세 양호"
"2025-10-14","2025-10-15","nasdaq","NASDAQ","하락","상승","0","0.6588","-0.0107","0.0107","나스닥선물 부담 · 당일 부담 · 5일 부담"
"2025-10-15","2025-10-16","nasdaq","NASDAQ","상승","하락","0","-0.4744","0.1349","0.1349","나스닥선물 양호 · 반도체 양호 · 당일 양호"
"2025-10-16","2025-10-17","nasdaq","NASDAQ","하락","상승","0","0.5205","-0.005","0.005","나스닥선물 부담 · 5일 부담 · 당일 부담"
"2025-10-17","2025-10-20","nasdaq","NASDAQ","상승","상승","1","1.3694","0.3035","0.3035","나스닥선물 양호 · 반도체 양호 · 5일 양호"
"2025-10-20","2025-10-21","nasdaq","NASDAQ","상승","하락","0","-0.1604","0.5168","0.5168","나스닥선물 양호 · 당일 양호 · 추세 양호"
"2025-10-21","2025-10-22","nasdaq","NASDAQ","상승","하락","0","-0.9291","0.2711","0.2711","반도체 양호 · 5일 양호 · 시장레짐 양호"
"2025-10-22","2025-10-23","nasdaq","NASDAQ","상승","상승","1","0.8857","0.0956","0.0956","반도체 양호 · VIX 양호 · 시장레짐 양호"
"2025-10-23","2025-10-24","nasdaq","NASDAQ","상승","상승","1","1.1467","0.4572","0.4572","나스닥선물 양호 · 반도체 양호 · VIX 양호"
"2025-10-24","2025-10-27","nasdaq","NASDAQ","상승","상승","1","1.8642","0.546","0.546","나스닥선물 양호 · 추세 양호 · 반도체 양호"
"2025-10-27","2025-10-28","nasdaq","NASDAQ","상승","상승","1","0.8039","0.5978","0.5978","나스닥선물 양호 · 당일 양호 · 추세 양호"
"2025-10-28","2025-10-29","nasdaq","NASDAQ","상승","상승","1","0.5497","0.5073","0.5073","5일 양호 · 나스닥선물 양호 · 반도체 양호"
"2025-10-29","2025-10-30","nasdaq","NASDAQ","상승","하락","0","-1.5749","0.4011","0.4011","5일 양호 · 반도체 양호 · 추세 양호"
"2025-10-30","2025-10-31","nasdaq","NASDAQ","상승","상승","1","0.6099","0.1021","0.1021","5일 양호 · 반도체 양호 · VIX 양호"
"2025-10-31","2025-11-03","nasdaq","NASDAQ","상승","상승","1","0.4626","0.4415","0.4415","나스닥선물 양호 · 반도체 양호 · 추세 양호"
"2025-11-03","2025-11-04","nasdaq","NASDAQ","상승","하락","0","-2.0394","0.2604","0.2604","반도체 양호 · 추세 양호 · 당일 양호"
"2025-11-04","2025-11-05","nasdaq","NASDAQ","하락","상승","0","0.6474","-0.1591","0.1591","나스닥선물 부담 · 당일 부담 · 나스닥폭 부담"
"2025-11-05","2025-11-06","nasdaq","NASDAQ","상승","하락","0","-1.8971","0.217","0.217","나스닥선물 양호 · 반도체 양호 · 추세 양호"
"2025-11-06","2025-11-07","nasdaq","NASDAQ","하락","하락","1","-0.2145","-0.1427","0.1427","나스닥선물 부담 · 당일 부담 · 5일 부담"
"2025-11-07","2025-11-10","nasdaq","NASDAQ","상승","상승","1","2.2719","0.0294","0.0294","반도체 양호 · 시장레짐 양호 · VIX 양호"
"2025-11-10","2025-11-11","nasdaq","NASDAQ","상승","하락","0","-0.2502","0.3967","0.3967","나스닥선물 양호 · 당일 양호 · 반도체 양호"
"2025-11-11","2025-11-12","nasdaq","NASDAQ","상승","하락","0","-0.2635","0.134","0.134","VIX 양호 · 반도체 양호 · 시장레짐 양호"
"2025-11-12","2025-11-13","nasdaq","NASDAQ","상승","하락","0","-2.2904","0.1093","0.1093","반도체 양호 · 시장레짐 양호 · 추세 양호"
"2025-11-13","2025-11-14","nasdaq","NASDAQ","하락","상승","0","0.1322","-0.1641","0.1641","나스닥선물 부담 · 당일 부담 · 공포탐욕 부담"
"2025-11-14","2025-11-17","nasdaq","NASDAQ","상승","하락","0","-0.8407","0.0922","0.0922","시장레짐 양호 · VIX 양호 · 반도체 양호"
"2025-11-17","2025-11-18","nasdaq","NASDAQ","하락","하락","1","-1.212","-0.3452","0.3452","나스닥선물 부담 · 5일 부담 · 당일 부담"
"2025-11-18","2025-11-19","nasdaq","NASDAQ","하락","상승","0","0.5857","-0.3299","0.3299","나스닥선물 부담 · 당일 부담 · 5일 부담"
"2025-11-19","2025-11-20","nasdaq","NASDAQ","하락","하락","1","-2.1546","-0.0872","0.0872","5일 부담 · VIX 부담 · VIX구조 부담"
"2025-11-20","2025-11-21","nasdaq","NASDAQ","하락","상승","0","0.8834","-0.4265","0.4265","나스닥선물 부담 · 당일 부담 · 5일 부담"
"2025-11-21","2025-11-24","nasdaq","NASDAQ","하락","상승","0","2.689","-0.0479","0.0479","5일 부담 · 20일 부담 · 나스닥폭 부담"
"2025-11-24","2025-11-25","nasdaq","NASDAQ","상승","상승","1","0.6715","0.2915","0.2915","나스닥선물 양호 · 당일 양호 · VIX 양호"
"2025-11-25","2025-11-26","nasdaq","NASDAQ","상승","상승","1","0.8213","0.276","0.276","나스닥선물 양호 · 5일 양호 · VIX 양호"
"2025-11-26","2025-11-28","nasdaq","NASDAQ","상승","상승","1","0.6505","0.2698","0.2698","나스닥선물 양호 · 5일 양호 · VIX 양호"
"2025-11-28","2025-12-01","nasdaq","NASDAQ","상승","하락","0","-0.3842","0.3134","0.3134","5일 양호 · 나스닥선물 양호 · VIX 양호"
"2025-12-01","2025-12-02","nasdaq","NASDAQ","상승","상승","1","0.5918","0.0238","0.0238","5일 양호 · VIX 양호 · 시장레짐 양호"
"2025-12-02","2025-12-03","nasdaq","NASDAQ","상승","상승","1","0.1726","0.273","0.273","나스닥선물 양호 · 5일 양호 · VIX 양호"
"2025-12-03","2025-12-04","nasdaq","NASDAQ","상승","상승","1","0.2177","0.207","0.207","반도체 양호 · VIX 양호 · 시장레짐 양호"
"2025-12-04","2025-12-05","nasdaq","NASDAQ","상승","상승","1","0.3105","0.2422","0.2422","VIX 양호 · 시장레짐 양호 · VIX구조 양호"
"2025-12-05","2025-12-08","nasdaq","NASDAQ","상승","하락","0","-0.1367","0.2103","0.2103","VIX 양호 · 시장레짐 양호 · 반도체 양호"
"2025-12-08","2025-12-09","nasdaq","NASDAQ","상승","상승","1","0.1299","0.1629","0.1629","VIX 양호 · 시장레짐 양호 · 반도체 양호"
"2025-12-09","2025-12-10","nasdaq","NASDAQ","상승","상승","1","0.3294","0.2423","0.2423","VIX 양호 · 반도체 양호 · 시장레짐 양호"
"2025-12-10","2025-12-11","nasdaq","NASDAQ","상승","하락","0","-0.2549","0.3338","0.3338","VIX 양호 · 반도체 양호 · 시장레짐 양호"
"2025-12-11","2025-12-12","nasdaq","NASDAQ","상승","하락","0","-1.6898","0.1813","0.1813","VIX 양호 · 반도체 양호 · 시장레짐 양호"
"2025-12-12","2025-12-15","nasdaq","NASDAQ","하락","하락","1","-0.5939","-0.0624","0.0624","나스닥선물 부담 · 당일 부담 · 5일 부담"
"2025-12-15","2025-12-16","nasdaq","NASDAQ","상승","상승","1","0.2344","0.0573","0.0573","VIX 양호 · 시장레짐 양호 · 나스닥폭 양호"
"2025-12-16","2025-12-17","nasdaq","NASDAQ","상승","하락","0","-1.8092","0.2018","0.2018","VIX 양호 · 시장레짐 양호 · 나스닥폭 양호"
"2025-12-17","2025-12-18","nasdaq","NASDAQ","하락","상승","0","1.3794","-0.1847","0.1847","나스닥선물 부담 · 당일 부담 · 5일 부담"
"2025-12-18","2025-12-19","nasdaq","NASDAQ","상승","상승","1","1.3095","0.4568","0.4568","나스닥선물 양호 · VIX 양호 · 당일 양호"
"2025-12-19","2025-12-22","nasdaq","NASDAQ","상승","상승","1","0.52","0.4691","0.4691","VIX 양호 · 당일 양호 · 20일 양호"
"2025-12-22","2025-12-23","nasdaq","NASDAQ","상승","상승","1","0.5677","0.5636","0.5636","나스닥선물 양호 · VIX 양호 · 당일 양호"
"2025-12-23","2025-12-24","nasdaq","NASDAQ","상승","상승","1","0.2184","0.5305","0.5305","VIX 양호 · 나스닥선물 양호 · 반도체 양호"
"2025-12-24","2025-12-26","nasdaq","NASDAQ","상승","하락","0","-0.0856","0.4778","0.4778","VIX 양호 · 5일 양호 · 반도체 양호"
"2025-12-26","2025-12-29","nasdaq","NASDAQ","상승","하락","0","-0.5033","0.4753","0.4753","VIX 양호 · 5일 양호 · 반도체 양호"
"2025-12-29","2025-12-30","nasdaq","NASDAQ","상승","하락","0","-0.2354","0.253","0.253","VIX 양호 · 추세 양호 · 반도체 양호"
"2025-12-30","2025-12-31","nasdaq","NASDAQ","상승","하락","0","-0.7562","0.2976","0.2976","VIX 양호 · 반도체 양호 · 시장레짐 양호"
"2025-12-31","2026-01-02","nasdaq","NASDAQ","상승","하락","0","-0.0274","0.0806","0.0806","VIX 양호 · 추세 양호 · 시장레짐 양호"
"2026-01-02","2026-01-05","nasdaq","NASDAQ","상승","상승","1","0.6894","0.2122","0.2122","VIX 양호 · 추세 양호 · 반도체 양호"
"2026-01-05","2026-01-06","nasdaq","NASDAQ","상승","상승","1","0.6469","0.4308","0.4308","VIX 양호 · 나스닥선물 양호 · 반도체 양호"
"2026-01-06","2026-01-07","nasdaq","NASDAQ","상승","상승","1","0.1576","0.442","0.442","나스닥선물 양호 · VIX 양호 · 반도체 양호"
"2026-01-07","2026-01-08","nasdaq","NASDAQ","상승","하락","0","-0.4421","0.3105","0.3105","반도체 양호 · VIX 양호 · 시장레짐 양호"
"2026-01-08","2026-01-09","nasdaq","NASDAQ","상승","상승","1","0.8149","0.189","0.189","VIX 양호 · 반도체 양호 · 시장레짐 양호"
"2026-01-09","2026-01-12","nasdaq","NASDAQ","상승","상승","1","0.2642","0.5091","0.5091","VIX 양호 · 나스닥선물 양호 · 반도체 양호"
"2026-01-12","2026-01-13","nasdaq","NASDAQ","상승","하락","0","-0.1013","0.3291","0.3291","VIX 양호 · 반도체 양호 · 시장레짐 양호"
"2026-01-13","2026-01-14","nasdaq","NASDAQ","상승","하락","0","-1.0043","0.299","0.299","반도체 양호 · VIX 양호 · 시장레짐 양호"
"2026-01-14","2026-01-15","nasdaq","NASDAQ","상승","상승","1","0.2483","0.0437","0.0437","반도체 양호 · VIX 양호 · 시장레짐 양호"
"2026-01-15","2026-01-16","nasdaq","NASDAQ","상승","하락","0","-0.0622","0.3213","0.3213","반도체 양호 · VIX 양호 · 시장레짐 양호"
"2026-01-16","2026-01-20","nasdaq","NASDAQ","상승","하락","0","-2.386","0.279","0.279","반도체 양호 · VIX 양호 · 시장레짐 양호"
"2026-01-20","2026-01-21","nasdaq","NASDAQ","하락","상승","0","1.1784","-0.1281","0.1281","나스닥선물 부담 · 당일 부담 · 5일 부담"
"2026-01-21","2026-01-22","nasdaq","NASDAQ","상승","상승","1","0.9094","0.3516","0.3516","나스닥선물 양호 · 반도체 양호 · VIX 양호"
"2026-01-22","2026-01-23","nasdaq","NASDAQ","상승","상승","1","0.2783","0.3763","0.3763","나스닥선물 양호 · 반도체 양호 · VIX 양호"
"2026-01-23","2026-01-26","nasdaq","NASDAQ","상승","상승","1","0.426","0.2787","0.2787","반도체 양호 · VIX 양호 · 시장레짐 양호"
"2026-01-26","2026-01-27","nasdaq","NASDAQ","상승","상승","1","0.9141","0.2959","0.2959","반도체 양호 · VIX 양호 · 시장레짐 양호"
"2026-01-27","2026-01-28","nasdaq","NASDAQ","상승","상승","1","0.1694","0.4781","0.4781","5일 양호 · 나스닥선물 양호 · 반도체 양호"
"2026-01-28","2026-01-29","nasdaq","NASDAQ","상승","하락","0","-0.7223","0.3136","0.3136","5일 양호 · 반도체 양호 · 추세 양호"
"2026-01-29","2026-01-30","nasdaq","NASDAQ","상승","하락","0","-0.9428","0.1409","0.1409","반도체 양호 · 시장레짐 양호 · VIX 양호"
"2026-01-30","2026-02-02","nasdaq","NASDAQ","상승","상승","1","0.5553","0.0114","0.0114","반도체 양호 · 시장레짐 양호 · VIX 양호"
"2026-02-02","2026-02-03","nasdaq","NASDAQ","상승","하락","0","-1.4281","0.3254","0.3254","나스닥선물 양호 · 반도체 양호 · 당일 양호"
"2026-02-03","2026-02-04","nasdaq","NASDAQ","하락","하락","1","-1.5077","-0.1779","0.1779","나스닥선물 부담 · 당일 부담 · 5일 부담"
"2026-02-04","2026-02-05","nasdaq","NASDAQ","하락","하락","1","-1.5892","-0.261","0.261","나스닥선물 부담 · 당일 부담 · 5일 부담"
"2026-02-05","2026-02-06","nasdaq","NASDAQ","하락","상승","0","2.1766","-0.2333","0.2333","나스닥선물 부담 · 당일 부담 · 5일 부담"
"2026-02-06","2026-02-09","nasdaq","NASDAQ","상승","상승","1","0.9008","0.3721","0.3721","나스닥선물 양호 · 당일 양호 · 반도체 양호"
"2026-02-09","2026-02-10","nasdaq","NASDAQ","상승","하락","0","-0.5861","0.2708","0.2708","나스닥선물 양호 · 반도체 양호 · 당일 양호"
"2026-02-10","2026-02-11","nasdaq","NASDAQ","상승","하락","0","-0.1558","0.0996","0.0996","반도체 양호 · 시장레짐 양호 · 나스닥폭 양호"
"2026-02-11","2026-02-12","nasdaq","NASDAQ","상승","하락","0","-2.0346","0.167","0.167","반도체 양호 · 시장레짐 양호 · 나스닥폭 양호"
"2026-02-12","2026-02-13","nasdaq","NASDAQ","하락","하락","1","-0.2234","-0.1281","0.1281","나스닥선물 부담 · 당일 부담 · 추세 부담"
"2026-02-13","2026-02-17","nasdaq","NASDAQ","하락","상승","0","0.1406","-0.0036","0.0036","추세 부담 · 5일 부담 · 20일 부담"
"2026-02-17","2026-02-18","nasdaq","NASDAQ","상승","상승","1","0.7762","0.0435","0.0435","반도체 양호 · 시장레짐 양호 · 나스닥폭 양호"
"2026-02-18","2026-02-19","nasdaq","NASDAQ","상승","하락","0","-0.3116","0.1761","0.1761","나스닥선물 양호 · 반도체 양호 · 당일 양호"
"2026-02-19","2026-02-20","nasdaq","NASDAQ","상승","상승","1","0.8965","0.0088","0.0088","반도체 양호 · 시장레짐 양호 · 나스닥폭 양호"
"2026-02-20","2026-02-23","nasdaq","NASDAQ","상승","하락","0","-1.1308","0.3367","0.3367","나스닥선물 양호 · 반도체 양호 · 당일 양호"
"2026-02-23","2026-02-24","nasdaq","NASDAQ","하락","상승","0","1.0448","-0.1239","0.1239","나스닥선물 부담 · 당일 부담 · 추세 부담"
"2026-02-24","2026-02-25","nasdaq","NASDAQ","상승","상승","1","1.2614","0.3821","0.3821","나스닥선물 양호 · 반도체 양호 · VIX 양호"
"2026-02-25","2026-02-26","nasdaq","NASDAQ","상승","하락","0","-1.1822","0.4287","0.4287","나스닥선물 양호 · 당일 양호 · 반도체 양호"
"2026-02-26","2026-02-27","nasdaq","NASDAQ","하락","하락","1","-0.9186","-0.064","0.064","나스닥선물 부담 · 당일 부담 · 추세 부담"
"2026-02-27","2026-03-02","nasdaq","NASDAQ","상승","상승","1","0.3558","0.0133","0.0133","금리 양호 · 반도체 양호 · 나스닥폭 양호"
"2026-03-02","2026-03-03","nasdaq","NASDAQ","상승","하락","0","-1.0206","0.0395","0.0395","시장레짐 양호 · 금리 양호 · 반도체 양호"
"2026-03-03","2026-03-04","nasdaq","NASDAQ","하락","상승","0","1.2914","-0.2843","0.2843","나스닥선물 부담 · 당일 부담 · 20일 부담"
"2026-03-04","2026-03-05","nasdaq","NASDAQ","상승","하락","0","-0.2565","0.2171","0.2171","나스닥선물 양호 · 당일 양호 · 시장레짐 양호"
"2026-03-05","2026-03-06","nasdaq","NASDAQ","하락","하락","1","-1.5882","-0.18","0.18","VIX 부담 · 나스닥선물 부담 · VIX구조 부담"
"2026-03-06","2026-03-09","nasdaq","NASDAQ","하락","상승","0","1.377","-0.3727","0.3727","나스닥선물 부담 · 당일 부담 · VIX 부담"
"2026-03-09","2026-03-10","nasdaq","NASDAQ","상승","상승","1","0.0051","0.2093","0.2093","나스닥선물 양호 · 당일 양호 · 시장레짐 양호"
"2026-03-10","2026-03-11","nasdaq","NASDAQ","하락","상승","0","0.0838","-0.0259","0.0259","추세 부담 · 공포탐욕 부담 · 20일 부담"
"2026-03-11","2026-03-12","nasdaq","NASDAQ","하락","하락","1","-1.7791","-0.1215","0.1215","VIX 부담 · VIX구조 부담 · 공포탐욕 부담"
"2026-03-12","2026-03-13","nasdaq","NASDAQ","하락","하락","1","-0.9261","-0.4681","0.4681","나스닥선물 부담 · 당일 부담 · VIX 부담"
"2026-03-13","2026-03-16","nasdaq","NASDAQ","하락","상승","0","1.2161","-0.2596","0.2596","VIX 부담 · 나스닥선물 부담 · 추세 부담"
"2026-03-16","2026-03-17","nasdaq","NASDAQ","상승","상승","1","0.4709","0.2242","0.2242","나스닥선물 양호 · 당일 양호 · 시장레짐 양호"
"2026-03-17","2026-03-18","nasdaq","NASDAQ","상승","하락","0","-1.4551","0.0648","0.0648","나스닥선물 양호 · 당일 양호 · 시장레짐 양호"
"2026-03-18","2026-03-19","nasdaq","NASDAQ","하락","하락","1","-0.2787","-0.3601","0.3601","나스닥선물 부담 · 당일 부담 · 5일 부담"
"2026-03-19","2026-03-20","nasdaq","NASDAQ","하락","하락","1","-2.0057","-0.2473","0.2473","VIX 부담 · 나스닥선물 부담 · 추세 부담"
"2026-03-20","2026-03-23","nasdaq","NASDAQ","하락","상승","0","1.3819","-0.4414","0.4414","당일 부담 · VIX 부담 · 추세 부담"
"2026-03-23","2026-03-24","nasdaq","NASDAQ","하락","하락","1","-0.8424","-0.021","0.021","VIX 부담 · 추세 부담 · 5일 부담"
"2026-03-24","2026-03-25","nasdaq","NASDAQ","하락","상승","0","0.7717","-0.4452","0.4452","나스닥선물 부담 · 5일 부담 · VIX 부담"
"2026-03-25","2026-03-26","nasdaq","NASDAQ","하락","하락","1","-2.3791","-0.1371","0.1371","VIX 부담 · 20일 부담 · 금리 부담"
"2026-03-26","2026-03-27","nasdaq","NASDAQ","하락","하락","1","-2.1474","-0.6494","0.6494","나스닥선물 부담 · VIX 부담 · 당일 부담"
"2026-03-27","2026-03-30","nasdaq","NASDAQ","하락","하락","1","-0.7338","-0.6353","0.6353","나스닥선물 부담 · VIX 부담 · 당일 부담"
"2026-03-30","2026-03-31","nasdaq","NASDAQ","하락","상승","0","3.8279","-0.4775","0.4775","나스닥선물 부담 · 5일 부담 · VIX 부담"
"2026-03-31","2026-04-01","nasdaq","NASDAQ","상승","상승","1","1.1594","0.0523","0.0523","나스닥선물 양호 · 당일 양호 · 시장레짐 양호"
"2026-04-01","2026-04-02","nasdaq","NASDAQ","상승","상승","1","0.175","0.0626","0.0626","나스닥선물 양호 · 당일 양호 · 시장레짐 양호"
"2026-04-02","2026-04-06","nasdaq","NASDAQ","하락","상승","0","0.5355","-0.0802","0.0802","추세 부담 · 금리 부담 · 20일 부담"
"2026-04-06","2026-04-07","nasdaq","NASDAQ","상승","상승","1","0.0978","0.0052","0.0052","5일 양호 · 나스닥선물 양호 · 당일 양호"
"2026-04-07","2026-04-08","nasdaq","NASDAQ","상승","상승","1","2.8029","0.0828","0.0828","5일 양호 · 시장레짐 양호 · VIX구조 양호"
"2026-04-08","2026-04-09","nasdaq","NASDAQ","상승","상승","1","0.8281","0.4291","0.4291","나스닥선물 양호 · 당일 양호 · 5일 양호"
"2026-04-09","2026-04-10","nasdaq","NASDAQ","상승","상승","1","0.3526","0.3501","0.3501","5일 양호 · 나스닥선물 양호 · VIX 양호"
"2026-04-10","2026-04-13","nasdaq","NASDAQ","상승","상승","1","1.2263","0.2757","0.2757","5일 양호 · VIX 양호 · 반도체 양호"
"2026-04-13","2026-04-14","nasdaq","NASDAQ","상승","상승","1","1.964","0.5475","0.5475","나스닥선물 양호 · 당일 양호 · 5일 양호"
"2026-04-14","2026-04-15","nasdaq","NASDAQ","상승","상승","1","1.5946","0.5853","0.5853","나스닥선물 양호 · 당일 양호 · 5일 양호"
"2026-04-15","2026-04-16","nasdaq","NASDAQ","상승","상승","1","0.3609","0.6335","0.6335","나스닥선물 양호 · 당일 양호 · 5일 양호"
"2026-04-16","2026-04-17","nasdaq","NASDAQ","상승","상승","1","1.5176","0.4794","0.4794","5일 양호 · 나스닥선물 양호 · VIX 양호"
"2026-04-17","2026-04-20","nasdaq","NASDAQ","상승","하락","0","-0.2619","0.6705","0.6705","나스닥선물 양호 · 당일 양호 · 5일 양호"
"2026-04-20","2026-04-21","nasdaq","NASDAQ","상승","하락","0","-0.5918","0.3823","0.3823","5일 양호 · VIX 양호 · 20일 양호"
"2026-04-21","2026-04-22","nasdaq","NASDAQ","상승","상승","1","1.639","0.317","0.317","VIX 양호 · 20일 양호 · 5일 양호"
"2026-04-22","2026-04-23","nasdaq","NASDAQ","상승","하락","0","-0.8885","0.6666","0.6666","나스닥선물 양호 · 당일 양호 · VIX 양호"
"2026-04-23","2026-04-24","nasdaq","NASDAQ","상승","상승","1","1.629","0.2574","0.2574","VIX 양호 · 20일 양호 · 반도체 양호"
"2026-04-24","2026-04-27","nasdaq","NASDAQ","상승","상승","1","0.2033","0.5877","0.5877","나스닥선물 양호 · 당일 양호 · VIX 양호"
"2026-04-27","2026-04-28","nasdaq","NASDAQ","상승","하락","0","-0.8972","0.3707","0.3707","VIX 양호 · 20일 양호 · 추세 양호"
"2026-04-28","2026-04-29","nasdaq","NASDAQ","상승","상승","1","0.0383","0.1719","0.1719","VIX 양호 · 20일 양호 · 추세 양호"
"2026-04-29","2026-04-30","nasdaq","NASDAQ","상승","상승","1","0.8879","0.4373","0.4373","나스닥선물 양호 · VIX 양호 · 20일 양호"
"2026-04-30","2026-05-01","nasdaq","NASDAQ","상승","상승","1","0.8924","0.4969","0.4969","나스닥선물 양호 · VIX 양호 · 반도체 양호"
"2026-05-01","2026-05-04","nasdaq","NASDAQ","상승","하락","0","-0.1857","0.4655","0.4655","나스닥선물 양호 · VIX 양호 · 20일 양호"
"2026-05-04","2026-05-05","nasdaq","NASDAQ","상승","상승","1","1.0305","0.333","0.333","VIX 양호 · 20일 양호 · 반도체 양호"
"2026-05-05","2026-05-06","nasdaq","NASDAQ","상승","상승","1","2.0248","0.6015","0.6015","나스닥선물 양호 · VIX 양호 · 추세 양호"
"2026-05-06","2026-05-07","nasdaq","NASDAQ","상승","하락","0","-0.1267","0.6609","0.6609","나스닥선물 양호 · 당일 양호 · 5일 양호"
"2026-05-07","2026-05-08","nasdaq","NASDAQ","상승","상승","1","1.7084","0.4067","0.4067","5일 양호 · VIX 양호 · 20일 양호"
"2026-05-08","2026-05-11","nasdaq","NASDAQ","상승","상승","1","0.1031","0.6339","0.6339","나스닥선물 양호 · 당일 양호 · 5일 양호"
"2026-05-11","2026-05-12","nasdaq","NASDAQ","상승","하락","0","-0.7077","0.4174","0.4174","5일 양호 · VIX 양호 · 20일 양호"
"2026-05-12","2026-05-13","nasdaq","NASDAQ","상승","상승","1","1.2041","0.1998","0.1998","VIX 양호 · 5일 양호 · 20일 양호"
"2026-05-13","2026-05-14","nasdaq","NASDAQ","상승","상승","1","0.882","0.5935","0.5935","나스닥선물 양호 · 당일 양호 · VIX 양호"
"2026-05-14","2026-05-15","nasdaq","NASDAQ","상승","하락","0","-1.5396","0.5123","0.5123","나스닥선물 양호 · 5일 양호 · VIX 양호"
"2026-05-15","2026-05-18","nasdaq","NASDAQ","상승","하락","0","-0.5125","0.0133","0.0133","VIX 양호 · 20일 양호 · 반도체 양호"
"2026-05-18","2026-05-19","nasdaq","NASDAQ","상승","하락","0","-0.8433","0.1012","0.1012","20일 양호 · 추세 양호 · 반도체 양호"
"2026-05-19","2026-05-20","nasdaq","NASDAQ","상승","상승","1","1.5448","0.0978","0.0978","반도체 양호 · 20일 양호 · 추세 양호"
"2026-05-20","2026-05-21","nasdaq","NASDAQ","상승","상승","1","0.0866","0.4903","0.4903","나스닥선물 양호 · 당일 양호 · 추세 양호"
"2026-05-21","2026-05-22","nasdaq","NASDAQ","상승","상승","1","0.1935","0.2593","0.2593","20일 양호 · 반도체 양호 · 추세 양호"
"2026-05-22","2026-05-26","nasdaq","NASDAQ","상승","상승","1","1.1851","0.2942","0.2942","반도체 양호 · 추세 양호 · 20일 양호"
"2026-05-26","2026-05-27","nasdaq","NASDAQ","상승","상승","1","0.0696","0.5932","0.5932","나스닥선물 양호 · VIX 양호 · 추세 양호"
"2026-05-27","2026-05-28","nasdaq","NASDAQ","상승","상승","1","0.91","0.391","0.391","5일 양호 · VIX 양호 · 20일 양호"
"2026-05-28","2026-05-29","nasdaq","NASDAQ","상승","상승","1","0.2049","0.458","0.458","나스닥선물 양호 · VIX 양호 · 20일 양호"
"2026-05-29","2026-06-01","nasdaq","NASDAQ","상승","상승","1","0.4234","0.3845","0.3845","VIX 양호 · 20일 양호 · 반도체 양호"
"2025-05-30","2025-06-02","sp500","S&P 500","상승","상승","1","0.4102","0.2714","0.2714","20일 양호 · 추세 양호 · VIX 양호"
"2025-06-02","2025-06-03","sp500","S&P 500","상승","상승","1","0.58","0.3512","0.3512","S&P선물 양호 · 5일 양호 · 추세 양호"
"2025-06-03","2025-06-04","sp500","S&P 500","상승","상승","1","0.0074","0.359","0.359","S&P선물 양호 · 20일 양호 · 추세 양호"
"2025-06-04","2025-06-05","sp500","S&P 500","상승","하락","0","-0.5277","0.3197","0.3197","20일 양호 · 추세 양호 · VIX 양호"
"2025-06-05","2025-06-06","sp500","S&P 500","상승","상승","1","1.0281","0.1687","0.1687","20일 양호 · 추세 양호 · VIX 양호"
"2025-06-06","2025-06-09","sp500","S&P 500","상승","상승","1","0.092","0.4852","0.4852","S&P선물 양호 · 추세 양호 · 20일 양호"
"2025-06-09","2025-06-10","sp500","S&P 500","상승","상승","1","0.5483","0.2822","0.2822","20일 양호 · 추세 양호 · VIX 양호"
"2025-06-10","2025-06-11","sp500","S&P 500","상승","하락","0","-0.2744","0.378","0.378","S&P선물 양호 · 추세 양호 · VIX 양호"
"2025-06-11","2025-06-12","sp500","S&P 500","상승","상승","1","0.3822","0.1803","0.1803","추세 양호 · VIX 양호 · 시장레짐 양호"
"2025-06-12","2025-06-13","sp500","S&P 500","상승","하락","0","-1.1296","0.2202","0.2202","추세 양호 · 시장레짐 양호 · 5일 양호"
"2025-06-13","2025-06-16","sp500","S&P 500","하락","상승","0","0.9393","-0.1311","0.1311","S&P선물 부담 · 당일 부담 · S&P폭 부담"
"2025-06-16","2025-06-17","sp500","S&P 500","상승","하락","0","-0.8352","0.1817","0.1817","S&P선물 양호 · 추세 양호 · 시장레짐 양호"
"2025-06-17","2025-06-18","sp500","S&P 500","하락","하락","1","-0.0309","-0.1492","0.1492","S&P선물 부담 · S&P폭 부담 · 동일가중 부담"
"2025-06-18","2025-06-20","sp500","S&P 500","상승","하락","0","-0.2179","0.0011","0.0011","추세 양호 · 시장레짐 양호 · 공포탐욕 양호"
"2025-06-20","2025-06-23","sp500","S&P 500","상승","상승","1","0.9607","0.1475","0.1475","S&P선물 양호 · 시장레짐 양호 · 추세 양호"
"2025-06-23","2025-06-24","sp500","S&P 500","상승","상승","1","1.1122","0.4271","0.4271","S&P선물 양호 · 당일 양호 · 시장레짐 양호"
"2025-06-24","2025-06-25","sp500","S&P 500","상승","하락","0","-0.0003","0.464","0.464","S&P선물 양호 · 20일 양호 · 당일 양호"
"2025-06-25","2025-06-26","sp500","S&P 500","상승","상승","1","0.802","0.2507","0.2507","5일 양호 · 시장레짐 양호 · VIX 양호"
"2025-06-26","2025-06-27","sp500","S&P 500","상승","상승","1","0.5219","0.3868","0.3868","5일 양호 · S&P선물 양호 · VIX 양호"
"2025-06-27","2025-06-30","sp500","S&P 500","상승","상승","1","0.5164","0.3882","0.3882","5일 양호 · S&P선물 양호 · VIX 양호"
"2025-06-30","2025-07-01","sp500","S&P 500","상승","하락","0","-0.1119","0.4722","0.4722","5일 양호 · S&P선물 양호 · 추세 양호"
"2025-07-01","2025-07-02","sp500","S&P 500","상승","상승","1","0.4745","0.3523","0.3523","추세 양호 · VIX 양호 · 시장레짐 양호"
"2025-07-02","2025-07-03","sp500","S&P 500","상승","상승","1","0.8339","0.4078","0.4078","5일 양호 · 추세 양호 · VIX 양호"
"2025-07-03","2025-07-07","sp500","S&P 500","상승","하락","0","-0.7862","0.4263","0.4263","S&P선물 양호 · 5일 양호 · 20일 양호"
"2025-07-07","2025-07-08","sp500","S&P 500","상승","하락","0","-0.0716","0.2009","0.2009","추세 양호 · 20일 양호 · 시장레짐 양호"
"2025-07-08","2025-07-09","sp500","S&P 500","상승","상승","1","0.6062","0.2423","0.2423","추세 양호 · VIX 양호 · 시장레짐 양호"
"2025-07-09","2025-07-10","sp500","S&P 500","상승","상승","1","0.2746","0.399","0.399","S&P선물 양호 · 추세 양호 · VIX 양호"
"2025-07-10","2025-07-11","sp500","S&P 500","상승","하락","0","-0.3298","0.2354","0.2354","추세 양호 · 20일 양호 · 시장레짐 양호"
"2025-07-11","2025-07-14","sp500","S&P 500","상승","상승","1","0.1407","0.1809","0.1809","추세 양호 · 20일 양호 · 시장레짐 양호"
"2025-07-14","2025-07-15","sp500","S&P 500","상승","하락","0","-0.3956","0.2181","0.2181","추세 양호 · 시장레짐 양호 · 20일 양호"
"2025-07-15","2025-07-16","sp500","S&P 500","상승","상승","1","0.3194","0.0577","0.0577","추세 양호 · 20일 양호 · 시장레짐 양호"
"2025-07-16","2025-07-17","sp500","S&P 500","상승","상승","1","0.5374","0.1887","0.1887","추세 양호 · 20일 양호 · 시장레짐 양호"
"2025-07-17","2025-07-18","sp500","S&P 500","상승","하락","0","-0.009","0.3535","0.3535","S&P선물 양호 · 20일 양호 · 추세 양호"
"2025-07-18","2025-07-21","sp500","S&P 500","상승","상승","1","0.1399","0.244","0.244","20일 양호 · 추세 양호 · 시장레짐 양호"
"2025-07-21","2025-07-22","sp500","S&P 500","상승","상승","1","0.0638","0.2751","0.2751","20일 양호 · 추세 양호 · VIX 양호"
"2025-07-22","2025-07-23","sp500","S&P 500","상승","상승","1","0.7812","0.3683","0.3683","추세 양호 · VIX 양호 · 20일 양호"
"2025-07-23","2025-07-24","sp500","S&P 500","상승","상승","1","0.0698","0.4745","0.4745","S&P선물 양호 · 추세 양호 · VIX 양호"
"2025-07-24","2025-07-25","sp500","S&P 500","상승","상승","1","0.3974","0.2967","0.2967","VIX 양호 · 추세 양호 · 시장레짐 양호"
"2025-07-25","2025-07-28","sp500","S&P 500","상승","상승","1","0.0177","0.3046","0.3046","VIX 양호 · 추세 양호 · 시장레짐 양호"
"2025-07-28","2025-07-29","sp500","S&P 500","상승","하락","0","-0.2959","0.2665","0.2665","추세 양호 · VIX 양호 · 시장레짐 양호"
"2025-07-29","2025-07-30","sp500","S&P 500","상승","하락","0","-0.1249","0.1499","0.1499","추세 양호 · VIX 양호 · 시장레짐 양호"
"2025-07-30","2025-07-31","sp500","S&P 500","상승","하락","0","-0.3695","0.2161","0.2161","추세 양호 · 시장레짐 양호 · VIX 양호"
"2025-07-31","2025-08-01","sp500","S&P 500","하락","하락","1","-1.5992","-0.0592","0.0592","S&P선물 부담 · 당일 부담 · S&P폭 부담"
"2025-08-01","2025-08-04","sp500","S&P 500","하락","상승","0","1.4737","-0.2835","0.2835","S&P선물 부담 · 당일 부담 · 5일 부담"
"2025-08-04","2025-08-05","sp500","S&P 500","상승","하락","0","-0.4858","0.3726","0.3726","S&P선물 양호 · 당일 양호 · 시장레짐 양호"
"2025-08-05","2025-08-06","sp500","S&P 500","하락","상승","0","0.7282","-0.0125","0.0125","S&P선물 부담 · 당일 부담 · S&P폭 부담"
"2025-08-06","2025-08-07","sp500","S&P 500","상승","하락","0","-0.0797","0.2807","0.2807","S&P선물 양호 · 당일 양호 · 시장레짐 양호"
"2025-08-07","2025-08-08","sp500","S&P 500","상승","상승","1","0.78","0.1899","0.1899","시장레짐 양호 · VIX 양호 · VIX구조 양호"
"2025-08-08","2025-08-11","sp500","S&P 500","상승","하락","0","-0.2504","0.3318","0.3318","S&P선물 양호 · 5일 양호 · 당일 양호"
"2025-08-11","2025-08-12","sp500","S&P 500","상승","상승","1","1.1345","0.2025","0.2025","VIX 양호 · 시장레짐 양호 · VIX구조 양호"
"2025-08-12","2025-08-13","sp500","S&P 500","상승","상승","1","0.323","0.4449","0.4449","S&P선물 양호 · VIX 양호 · 5일 양호"
"2025-08-13","2025-08-14","sp500","S&P 500","상승","상승","1","0.0303","0.3025","0.3025","VIX 양호 · 5일 양호 · 시장레짐 양호"
"2025-08-14","2025-08-15","sp500","S&P 500","상승","하락","0","-0.2897","0.1915","0.1915","5일 양호 · 시장레짐 양호 · VIX 양호"
"2025-08-15","2025-08-18","sp500","S&P 500","상승","하락","0","-0.0101","0.1311","0.1311","시장레짐 양호 · VIX 양호 · 추세 양호"
"2025-08-18","2025-08-19","sp500","S&P 500","상승","하락","0","-0.5858","0.1636","0.1636","시장레짐 양호 · VIX 양호 · 5일 양호"
"2025-08-19","2025-08-20","sp500","S&P 500","상승","하락","0","-0.2432","0.0083","0.0083","시장레짐 양호 · VIX 양호 · 추세 양호"
"2025-08-20","2025-08-21","sp500","S&P 500","상승","하락","0","-0.4004","0.035","0.035","시장레짐 양호 · VIX 양호 · 추세 양호"
"2025-08-21","2025-08-22","sp500","S&P 500","상승","상승","1","1.5186","0.0938","0.0938","VIX 양호 · 시장레짐 양호 · VIX구조 양호"
"2025-08-22","2025-08-25","sp500","S&P 500","상승","하락","0","-0.4266","0.5325","0.5325","S&P선물 양호 · 당일 양호 · VIX 양호"
"2025-08-25","2025-08-26","sp500","S&P 500","상승","상승","1","0.4134","0.1271","0.1271","VIX 양호 · 시장레짐 양호 · 추세 양호"
"2025-08-26","2025-08-27","sp500","S&P 500","상승","상승","1","0.2391","0.3132","0.3132","VIX 양호 · 시장레짐 양호 · 추세 양호"
"2025-08-27","2025-08-28","sp500","S&P 500","상승","상승","1","0.3157","0.3384","0.3384","VIX 양호 · 시장레짐 양호 · 5일 양호"
"2025-08-28","2025-08-29","sp500","S&P 500","상승","하락","0","-0.6398","0.253","0.253","5일 양호 · 시장레짐 양호 · VIX 양호"
"2025-08-29","2025-09-02","sp500","S&P 500","상승","하락","0","-0.6922","0.0529","0.0529","시장레짐 양호 · 20일 양호 · VIX 양호"
"2025-09-02","2025-09-03","sp500","S&P 500","하락","상승","0","0.51","-0.0173","0.0173","S&P선물 부담 · 당일 부담 · S&P폭 부담"
"2025-09-03","2025-09-04","sp500","S&P 500","상승","상승","1","0.8346","0.2742","0.2742","S&P선물 양호 · 당일 양호 · 시장레짐 양호"
"2025-09-04","2025-09-05","sp500","S&P 500","상승","하락","0","-0.3165","0.3409","0.3409","S&P선물 양호 · 당일 양호 · 시장레짐 양호"
"2025-09-05","2025-09-08","sp500","S&P 500","상승","상승","1","0.2106","0.1174","0.1174","시장레짐 양호 · VIX 양호 · 금리 양호"
"2025-09-08","2025-09-09","sp500","S&P 500","상승","상승","1","0.2688","0.314","0.314","VIX 양호 · 시장레짐 양호 · 추세 양호"
"2025-09-09","2025-09-10","sp500","S&P 500","상승","상승","1","0.2983","0.3531","0.3531","VIX 양호 · 시장레짐 양호 · 5일 양호"
"2025-09-10","2025-09-11","sp500","S&P 500","상승","상승","1","0.8486","0.2887","0.2887","VIX 양호 · 추세 양호 · 시장레짐 양호"
"2025-09-11","2025-09-12","sp500","S&P 500","상승","하락","0","-0.0483","0.4857","0.4857","S&P선물 양호 · VIX 양호 · 추세 양호"
"2025-09-12","2025-09-15","sp500","S&P 500","상승","상승","1","0.4707","0.2987","0.2987","VIX 양호 · 추세 양호 · 5일 양호"
"2025-09-15","2025-09-16","sp500","S&P 500","상승","하락","0","-0.1288","0.3982","0.3982","S&P선물 양호 · 추세 양호 · 5일 양호"
"2025-09-16","2025-09-17","sp500","S&P 500","상승","하락","0","-0.097","0.2835","0.2835","추세 양호 · 시장레짐 양호 · 5일 양호"
"2025-09-17","2025-09-18","sp500","S&P 500","상승","상승","1","0.4789","0.3142","0.3142","시장레짐 양호 · VIX 양호 · 20일 양호"
"2025-09-18","2025-09-19","sp500","S&P 500","상승","상승","1","0.4885","0.4505","0.4505","S&P선물 양호 · 추세 양호 · 당일 양호"
"2025-09-19","2025-09-22","sp500","S&P 500","상승","상승","1","0.441","0.2992","0.2992","20일 양호 · 당일 양호 · 시장레짐 양호"
"2025-09-22","2025-09-23","sp500","S&P 500","상승","하락","0","-0.5502","0.2881","0.2881","S&P선물 양호 · 시장레짐 양호 · 20일 양호"
"2025-09-23","2025-09-24","sp500","S&P 500","상승","하락","0","-0.2847","0.0745","0.0745","시장레짐 양호 · VIX 양호 · 20일 양호"
"2025-09-24","2025-09-25","sp500","S&P 500","상승","하락","0","-0.5009","0.1218","0.1218","시장레짐 양호 · VIX 양호 · 추세 양호"
"2025-09-25","2025-09-26","sp500","S&P 500","상승","상승","1","0.5902","0.0356","0.0356","시장레짐 양호 · VIX 양호 · VIX구조 양호"
"2025-09-26","2025-09-29","sp500","S&P 500","상승","상승","1","0.2636","0.2914","0.2914","S&P선물 양호 · 당일 양호 · 시장레짐 양호"
"2025-09-29","2025-09-30","sp500","S&P 500","상승","상승","1","0.4091","0.1869","0.1869","추세 양호 · 시장레짐 양호 · 20일 양호"
"2025-09-30","2025-10-01","sp500","S&P 500","상승","상승","1","0.34","0.1813","0.1813","추세 양호 · 20일 양호 · 시장레짐 양호"
"2025-10-01","2025-10-02","sp500","S&P 500","상승","상승","1","0.0618","0.1622","0.1622","20일 양호 · 시장레짐 양호 · 5일 양호"
"2025-10-02","2025-10-03","sp500","S&P 500","상승","상승","1","0.0066","0.2077","0.2077","추세 양호 · 5일 양호 · 시장레짐 양호"
"2025-10-03","2025-10-06","sp500","S&P 500","상승","상승","1","0.3647","0.2189","0.2189","시장레짐 양호 · 20일 양호 · 추세 양호"
"2025-10-06","2025-10-07","sp500","S&P 500","상승","하락","0","-0.3811","0.1664","0.1664","시장레짐 양호 · 20일 양호 · 5일 양호"
"2025-10-07","2025-10-08","sp500","S&P 500","상승","상승","1","0.5828","0.0629","0.0629","시장레짐 양호 · VIX 양호 · 20일 양호"
"2025-10-08","2025-10-09","sp500","S&P 500","상승","하락","0","-0.2756","0.3126","0.3126","S&P선물 양호 · 추세 양호 · 당일 양호"
"2025-10-09","2025-10-10","sp500","S&P 500","하락","하락","1","-2.7112","-0.0524","0.0524","S&P폭 부담 · S&P선물 부담 · 동일가중 부담"
"2025-10-10","2025-10-13","sp500","S&P 500","하락","상승","0","1.5599","-0.3351","0.3351","S&P선물 부담 · 당일 부담 · 5일 부담"
"2025-10-13","2025-10-14","sp500","S&P 500","상승","하락","0","-0.1564","0.1577","0.1577","S&P선물 양호 · 당일 양호 · 시장레짐 양호"
"2025-10-14","2025-10-15","sp500","S&P 500","하락","상승","0","0.4026","-0.0085","0.0085","S&P폭 부담 · 5일 부담 · 동일가중 부담"
"2025-10-15","2025-10-16","sp500","S&P 500","하락","하락","1","-0.6294","-0.1061","0.1061","VIX 부담 · VIX구조 부담 · 5일 부담"
"2025-10-16","2025-10-17","sp500","S&P 500","하락","상승","0","0.5271","-0.1508","0.1508","S&P선물 부담 · 5일 부담 · 당일 부담"
"2025-10-17","2025-10-20","sp500","S&P 500","상승","상승","1","1.0672","0.1786","0.1786","S&P선물 양호 · 5일 양호 · 당일 양호"
"2025-10-20","2025-10-21","sp500","S&P 500","상승","상승","1","0.0033","0.3238","0.3238","S&P선물 양호 · 당일 양호 · 시장레짐 양호"
"2025-10-21","2025-10-22","sp500","S&P 500","상승","하락","0","-0.5338","0.1276","0.1276","시장레짐 양호 · 5일 양호 · 추세 양호"
"2025-10-22","2025-10-23","sp500","S&P 500","상승","상승","1","0.5827","0.0579","0.0579","시장레짐 양호 · VIX 양호 · 추세 양호"
"2025-10-23","2025-10-24","sp500","S&P 500","상승","상승","1","0.7902","0.3767","0.3767","S&P선물 양호 · 당일 양호 · 5일 양호"
"2025-10-24","2025-10-27","sp500","S&P 500","상승","상승","1","1.229","0.3179","0.3179","S&P선물 양호 · 5일 양호 · 당일 양호"
"2025-10-27","2025-10-28","sp500","S&P 500","상승","상승","1","0.2288","0.4751","0.4751","S&P선물 양호 · 당일 양호 · 5일 양호"
"2025-10-28","2025-10-29","sp500","S&P 500","상승","하락","0","-0.0044","0.1868","0.1868","5일 양호 · 시장레짐 양호 · VIX 양호"
"2025-10-29","2025-10-30","sp500","S&P 500","상승","하락","0","-0.9905","0.1927","0.1927","5일 양호 · 시장레짐 양호 · VIX 양호"
"2025-10-30","2025-10-31","sp500","S&P 500","하락","상승","0","0.2618","-0.0789","0.0789","S&P선물 부담 · S&P폭 부담 · 동일가중 부담"
"2025-10-31","2025-11-03","sp500","S&P 500","상승","상승","1","0.1721","0.0908","0.0908","시장레짐 양호 · VIX 양호 · 추세 양호"
"2025-11-03","2025-11-04","sp500","S&P 500","상승","하락","0","-1.1737","0.0143","0.0143","시장레짐 양호 · 추세 양호 · VIX 양호"
"2025-11-04","2025-11-05","sp500","S&P 500","하락","상승","0","0.3654","-0.3143","0.3143","S&P선물 부담 · 당일 부담 · S&P폭 부담"
"2025-11-05","2025-11-06","sp500","S&P 500","하락","하락","1","-1.1178","-0.0603","0.0603","S&P폭 부담 · 동일가중 부담 · 5일 부담"
"2025-11-06","2025-11-07","sp500","S&P 500","하락","상승","0","0.1262","-0.3429","0.3429","S&P선물 부담 · 당일 부담 · S&P폭 부담"
"2025-11-07","2025-11-10","sp500","S&P 500","상승","상승","1","1.5401","0.0081","0.0081","시장레짐 양호 · 20일 양호 · VIX 양호"
"2025-11-10","2025-11-11","sp500","S&P 500","상승","상승","1","0.2075","0.3043","0.3043","S&P선물 양호 · 당일 양호 · 시장레짐 양호"
"2025-11-11","2025-11-12","sp500","S&P 500","상승","상승","1","0.063","0.1197","0.1197","시장레짐 양호 · VIX 양호 · 20일 양호"
"2025-11-12","2025-11-13","sp500","S&P 500","상승","하락","0","-1.6557","0.0906","0.0906","시장레짐 양호 · 20일 양호 · 추세 양호"
"2025-11-13","2025-11-14","sp500","S&P 500","하락","하락","1","-0.0502","-0.2179","0.2179","S&P선물 부담 · 당일 부담 · 공포탐욕 부담"
"2025-11-14","2025-11-17","sp500","S&P 500","상승","하락","0","-0.9162","0.0466","0.0466","시장레짐 양호 · VIX 양호 · VIX구조 양호"
"2025-11-17","2025-11-18","sp500","S&P 500","하락","하락","1","-0.8256","-0.3554","0.3554","S&P선물 부담 · 5일 부담 · 당일 부담"
"2025-11-18","2025-11-19","sp500","S&P 500","하락","상승","0","0.3754","-0.3689","0.3689","S&P선물 부담 · 5일 부담 · 당일 부담"
"2025-11-19","2025-11-20","sp500","S&P 500","하락","하락","1","-1.5567","-0.2536","0.2536","5일 부담 · VIX 부담 · VIX구조 부담"
"2025-11-20","2025-11-21","sp500","S&P 500","하락","상승","0","0.9823","-0.4694","0.4694","S&P선물 부담 · 당일 부담 · 5일 부담"
"2025-11-21","2025-11-24","sp500","S&P 500","상승","상승","1","1.5467","0.0298","0.0298","S&P선물 양호 · 당일 양호 · 시장레짐 양호"
"2025-11-24","2025-11-25","sp500","S&P 500","상승","상승","1","0.9062","0.298","0.298","S&P선물 양호 · 당일 양호 · VIX 양호"
"2025-11-25","2025-11-26","sp500","S&P 500","상승","상승","1","0.6907","0.2544","0.2544","S&P선물 양호 · 5일 양호 · 당일 양호"
"2025-11-26","2025-11-28","sp500","S&P 500","상승","상승","1","0.5355","0.2686","0.2686","S&P선물 양호 · 5일 양호 · 당일 양호"
"2025-11-28","2025-12-01","sp500","S&P 500","상승","하락","0","-0.5323","0.3071","0.3071","5일 양호 · S&P선물 양호 · VIX 양호"
"2025-12-01","2025-12-02","sp500","S&P 500","상승","상승","1","0.2457","0.0001","0.0001","5일 양호 · 시장레짐 양호 · VIX 양호"
"2025-12-02","2025-12-03","sp500","S&P 500","상승","상승","1","0.298","0.1245","0.1245","5일 양호 · 시장레짐 양호 · VIX 양호"
"2025-12-03","2025-12-04","sp500","S&P 500","상승","상승","1","0.108","0.0923","0.0923","시장레짐 양호 · VIX 양호 · 5일 양호"
"2025-12-04","2025-12-05","sp500","S&P 500","상승","상승","1","0.1937","0.2116","0.2116","시장레짐 양호 · VIX 양호 · VIX구조 양호"
"2025-12-05","2025-12-08","sp500","S&P 500","상승","하락","0","-0.3477","0.2581","0.2581","시장레짐 양호 · VIX 양호 · S&P폭 양호"
"2025-12-08","2025-12-09","sp500","S&P 500","상승","하락","0","-0.0876","0.1677","0.1677","시장레짐 양호 · VIX 양호 · S&P폭 양호"
"2025-12-09","2025-12-10","sp500","S&P 500","상승","상승","1","0.675","0.2442","0.2442","시장레짐 양호 · VIX 양호 · VIX구조 양호"
"2025-12-10","2025-12-11","sp500","S&P 500","상승","상승","1","0.2079","0.4176","0.4176","S&P선물 양호 · VIX 양호 · 당일 양호"
"2025-12-11","2025-12-12","sp500","S&P 500","상승","하락","0","-1.0664","0.3393","0.3393","S&P폭 양호 · VIX 양호 · 시장레짐 양호"
"2025-12-12","2025-12-15","sp500","S&P 500","상승","하락","0","-0.1597","0.0068","0.0068","S&P폭 양호 · VIX 양호 · 시장레짐 양호"
"2025-12-15","2025-12-16","sp500","S&P 500","상승","하락","0","-0.2384","0.3341","0.3341","S&P폭 양호 · VIX 양호 · 시장레짐 양호"
"2025-12-16","2025-12-17","sp500","S&P 500","상승","하락","0","-1.1592","0.1897","0.1897","시장레짐 양호 · VIX 양호 · S&P폭 양호"
"2025-12-17","2025-12-18","sp500","S&P 500","하락","상승","0","0.7934","-0.1179","0.1179","S&P선물 부담 · 당일 부담 · 5일 부담"
"2025-12-18","2025-12-19","sp500","S&P 500","상승","상승","1","0.8818","0.4418","0.4418","S&P선물 양호 · VIX 양호 · S&P폭 양호"
"2025-12-19","2025-12-22","sp500","S&P 500","상승","상승","1","0.6436","0.3825","0.3825","VIX 양호 · 20일 양호 · 당일 양호"
"2025-12-22","2025-12-23","sp500","S&P 500","상승","상승","1","0.455","0.5465","0.5465","S&P선물 양호 · VIX 양호 · 20일 양호"
"2025-12-23","2025-12-24","sp500","S&P 500","상승","상승","1","0.3221","0.417","0.417","VIX 양호 · 당일 양호 · 5일 양호"
"2025-12-24","2025-12-26","sp500","S&P 500","상승","하락","0","-0.0304","0.4251","0.4251","5일 양호 · VIX 양호 · 시장레짐 양호"
"2025-12-26","2025-12-29","sp500","S&P 500","상승","하락","0","-0.3492","0.4522","0.4522","VIX 양호 · 5일 양호 · 시장레짐 양호"
"2025-12-29","2025-12-30","sp500","S&P 500","상승","하락","0","-0.1376","0.2591","0.2591","VIX 양호 · 추세 양호 · 시장레짐 양호"
"2025-12-30","2025-12-31","sp500","S&P 500","상승","하락","0","-0.7358","0.3582","0.3582","VIX 양호 · 시장레짐 양호 · S&P폭 양호"
"2025-12-31","2026-01-02","sp500","S&P 500","상승","상승","1","0.1895","0.0962","0.0962","VIX 양호 · 추세 양호 · 시장레짐 양호"
"2026-01-02","2026-01-05","sp500","S&P 500","상승","상승","1","0.6354","0.2155","0.2155","VIX 양호 · 시장레짐 양호 · 추세 양호"
"2026-01-05","2026-01-06","sp500","S&P 500","상승","상승","1","0.6197","0.4225","0.4225","S&P선물 양호 · VIX 양호 · 당일 양호"
"2026-01-06","2026-01-07","sp500","S&P 500","상승","하락","0","-0.344","0.4429","0.4429","S&P선물 양호 · VIX 양호 · 당일 양호"
"2026-01-07","2026-01-08","sp500","S&P 500","상승","상승","1","0.0077","0.2055","0.2055","시장레짐 양호 · VIX 양호 · S&P폭 양호"
"2026-01-08","2026-01-09","sp500","S&P 500","상승","상승","1","0.6475","0.3589","0.3589","VIX 양호 · 시장레짐 양호 · S&P폭 양호"
"2026-01-09","2026-01-12","sp500","S&P 500","상승","상승","1","0.1578","0.4984","0.4984","S&P선물 양호 · VIX 양호 · 당일 양호"
"2026-01-12","2026-01-13","sp500","S&P 500","상승","하락","0","-0.1939","0.3174","0.3174","시장레짐 양호 · VIX 양호 · S&P폭 양호"
"2026-01-13","2026-01-14","sp500","S&P 500","상승","하락","0","-0.5333","0.2981","0.2981","시장레짐 양호 · VIX 양호 · S&P폭 양호"
"2026-01-14","2026-01-15","sp500","S&P 500","상승","상승","1","0.258","0.2234","0.2234","S&P폭 양호 · 시장레짐 양호 · 동일가중 양호"
"2026-01-15","2026-01-16","sp500","S&P 500","상승","하락","0","-0.0642","0.3861","0.3861","S&P폭 양호 · 시장레짐 양호 · 동일가중 양호"
"2026-01-16","2026-01-20","sp500","S&P 500","상승","하락","0","-2.0627","0.3516","0.3516","S&P폭 양호 · 시장레짐 양호 · 동일가중 양호"
"2026-01-20","2026-01-21","sp500","S&P 500","하락","상승","0","1.1588","-0.0625","0.0625","S&P선물 부담 · 당일 부담 · 5일 부담"
"2026-01-21","2026-01-22","sp500","S&P 500","상승","상승","1","0.5488","0.4487","0.4487","S&P선물 양호 · S&P폭 양호 · 당일 양호"
"2026-01-22","2026-01-23","sp500","S&P 500","상승","상승","1","0.0327","0.4149","0.4149","S&P선물 양호 · S&P폭 양호 · 당일 양호"
"2026-01-23","2026-01-26","sp500","S&P 500","상승","상승","1","0.5006","0.272","0.272","시장레짐 양호 · VIX 양호 · S&P폭 양호"
"2026-01-26","2026-01-27","sp500","S&P 500","상승","상승","1","0.4082","0.4133","0.4133","S&P선물 양호 · 당일 양호 · 시장레짐 양호"
"2026-01-27","2026-01-28","sp500","S&P 500","상승","하락","0","-0.0082","0.3695","0.3695","5일 양호 · 시장레짐 양호 · VIX 양호"
"2026-01-28","2026-01-29","sp500","S&P 500","상승","하락","0","-0.1293","0.2503","0.2503","시장레짐 양호 · 5일 양호 · 추세 양호"
"2026-01-29","2026-01-30","sp500","S&P 500","상승","하락","0","-0.4302","0.2279","0.2279","시장레짐 양호 · 추세 양호 · 공포탐욕 양호"
"2026-01-30","2026-02-02","sp500","S&P 500","상승","상승","1","0.5391","0.127","0.127","시장레짐 양호 · S&P폭 양호 · 추세 양호"
"2026-02-02","2026-02-03","sp500","S&P 500","상승","하락","0","-0.8404","0.3888","0.3888","S&P선물 양호 · 당일 양호 · 시장레짐 양호"
"2026-02-03","2026-02-04","sp500","S&P 500","상승","하락","0","-0.5072","0.0106","0.0106","S&P폭 양호 · 시장레짐 양호 · 동일가중 양호"
"2026-02-04","2026-02-05","sp500","S&P 500","하락","하락","1","-1.2251","-0.009","0.009","S&P선물 부담 · 당일 부담 · 5일 부담"
"2026-02-05","2026-02-06","sp500","S&P 500","하락","상승","0","1.9696","-0.1609","0.1609","S&P선물 부담 · 당일 부담 · 5일 부담"
"2026-02-06","2026-02-09","sp500","S&P 500","상승","상승","1","0.4691","0.5167","0.5167","S&P선물 양호 · 당일 양호 · S&P폭 양호"
"2026-02-09","2026-02-10","sp500","S&P 500","상승","하락","0","-0.3304","0.3153","0.3153","S&P폭 양호 · 당일 양호 · 시장레짐 양호"
"2026-02-10","2026-02-11","sp500","S&P 500","상승","하락","0","-0.0049","0.2509","0.2509","S&P폭 양호 · 시장레짐 양호 · 동일가중 양호"
"2026-02-11","2026-02-12","sp500","S&P 500","상승","하락","0","-1.5661","0.2592","0.2592","S&P폭 양호 · 시장레짐 양호 · 동일가중 양호"
"2026-02-12","2026-02-13","sp500","S&P 500","하락","상승","0","0.0499","-0.0871","0.0871","S&P선물 부담 · 당일 부담 · 추세 부담"
"2026-02-13","2026-02-17","sp500","S&P 500","상승","상승","1","0.1031","0.0871","0.0871","S&P폭 양호 · 시장레짐 양호 · 동일가중 양호"
"2026-02-17","2026-02-18","sp500","S&P 500","상승","상승","1","0.5566","0.126","0.126","S&P폭 양호 · 시장레짐 양호 · 동일가중 양호"
"2026-02-18","2026-02-19","sp500","S&P 500","상승","하락","0","-0.2822","0.2852","0.2852","S&P선물 양호 · S&P폭 양호 · 당일 양호"
"2026-02-19","2026-02-20","sp500","S&P 500","상승","상승","1","0.694","0.0771","0.0771","S&P폭 양호 · 시장레짐 양호 · 동일가중 양호"
"2026-02-20","2026-02-23","sp500","S&P 500","상승","하락","0","-1.0386","0.4307","0.4307","S&P선물 양호 · S&P폭 양호 · 당일 양호"
"2026-02-23","2026-02-24","sp500","S&P 500","하락","상승","0","0.7652","-0.0793","0.0793","S&P선물 부담 · 당일 부담 · 추세 부담"
"2026-02-24","2026-02-25","sp500","S&P 500","상승","상승","1","0.8136","0.4226","0.4226","S&P선물 양호 · S&P폭 양호 · 당일 양호"
"2026-02-25","2026-02-26","sp500","S&P 500","상승","하락","0","-0.5366","0.3686","0.3686","S&P선물 양호 · 당일 양호 · 시장레짐 양호"
"2026-02-26","2026-02-27","sp500","S&P 500","상승","하락","0","-0.4339","0.1384","0.1384","S&P폭 양호 · 시장레짐 양호 · 동일가중 양호"
"2026-02-27","2026-03-02","sp500","S&P 500","상승","상승","1","0.0398","0.1378","0.1378","S&P폭 양호 · 동일가중 양호 · 금리 양호"
"2026-03-02","2026-03-03","sp500","S&P 500","상승","하락","0","-0.9444","0.1191","0.1191","시장레짐 양호 · S&P폭 양호 · 금리 양호"
"2026-03-03","2026-03-04","sp500","S&P 500","하락","상승","0","0.7756","-0.1718","0.1718","S&P선물 부담 · 당일 부담 · 추세 부담"
"2026-03-04","2026-03-05","sp500","S&P 500","상승","하락","0","-0.5647","0.2268","0.2268","S&P선물 양호 · S&P폭 양호 · 당일 양호"
"2026-03-05","2026-03-06","sp500","S&P 500","하락","하락","1","-1.3277","-0.2157","0.2157","S&P선물 부담 · VIX 부담 · VIX구조 부담"
"2026-03-06","2026-03-09","sp500","S&P 500","하락","상승","0","0.8304","-0.2898","0.2898","S&P선물 부담 · 당일 부담 · 5일 부담"
"2026-03-09","2026-03-10","sp500","S&P 500","상승","하락","0","-0.2135","0.1644","0.1644","S&P선물 양호 · S&P폭 양호 · 당일 양호"
"2026-03-10","2026-03-11","sp500","S&P 500","상승","하락","0","-0.0838","0.0109","0.0109","시장레짐 양호 · S&P폭 양호 · 동일가중 양호"
"2026-03-11","2026-03-12","sp500","S&P 500","하락","하락","1","-1.5228","-0.1233","0.1233","VIX 부담 · VIX구조 부담 · 5일 부담"
"2026-03-12","2026-03-13","sp500","S&P 500","하락","하락","1","-0.6059","-0.4524","0.4524","S&P선물 부담 · 당일 부담 · 추세 부담"
"2026-03-13","2026-03-16","sp500","S&P 500","하락","상승","0","1.0131","-0.2612","0.2612","S&P선물 부담 · 추세 부담 · VIX 부담"
"2026-03-16","2026-03-17","sp500","S&P 500","상승","상승","1","0.2494","0.1406","0.1406","S&P선물 양호 · 당일 양호 · 시장레짐 양호"
"2026-03-17","2026-03-18","sp500","S&P 500","하락","하락","1","-1.3608","-0.1334","0.1334","VIX 부담 · 공포탐욕 부담 · 추세 부담"
"2026-03-18","2026-03-19","sp500","S&P 500","하락","하락","1","-0.2749","-0.4281","0.4281","S&P선물 부담 · 당일 부담 · 추세 부담"
"2026-03-19","2026-03-20","sp500","S&P 500","하락","하락","1","-1.5138","-0.3014","0.3014","S&P선물 부담 · 추세 부담 · VIX 부담"
"2026-03-20","2026-03-23","sp500","S&P 500","하락","상승","0","1.1453","-0.3909","0.3909","당일 부담 · 추세 부담 · 20일 부담"
"2026-03-23","2026-03-24","sp500","S&P 500","하락","하락","1","-0.3743","-0.0915","0.0915","VIX 부담 · 5일 부담 · 추세 부담"
"2026-03-24","2026-03-25","sp500","S&P 500","하락","상승","0","0.5419","-0.4117","0.4117","5일 부담 · S&P선물 부담 · 추세 부담"
"2026-03-25","2026-03-26","sp500","S&P 500","하락","하락","1","-1.7406","-0.1471","0.1471","20일 부담 · VIX 부담 · S&P폭 부담"
"2026-03-26","2026-03-27","sp500","S&P 500","하락","하락","1","-1.6722","-0.6097","0.6097","S&P선물 부담 · 당일 부담 · VIX 부담"
"2026-03-27","2026-03-30","sp500","S&P 500","하락","하락","1","-0.3946","-0.5965","0.5965","S&P선물 부담 · 당일 부담 · VIX 부담"
"2026-03-30","2026-03-31","sp500","S&P 500","하락","상승","0","2.9131","-0.4147","0.4147","5일 부담 · 20일 부담 · S&P선물 부담"
"2026-03-31","2026-04-01","sp500","S&P 500","상승","상승","1","0.7169","0.0911","0.0911","S&P선물 양호 · 당일 양호 · 시장레짐 양호"
"2026-04-01","2026-04-02","sp500","S&P 500","상승","상승","1","0.1121","0.0129","0.0129","S&P선물 양호 · 당일 양호 · 시장레짐 양호"
"2026-04-02","2026-04-06","sp500","S&P 500","하락","상승","0","0.4427","-0.0688","0.0688","추세 부담 · 20일 부담 · 공포탐욕 부담"
"2026-04-06","2026-04-07","sp500","S&P 500","하락","상승","0","0.0759","-0.0793","0.0793","추세 부담 · VIX 부담 · 공포탐욕 부담"
"2026-04-07","2026-04-08","sp500","S&P 500","하락","상승","0","2.5081","-0.0274","0.0274","추세 부담 · S&P폭 부담 · 공포탐욕 부담"
"2026-04-08","2026-04-09","sp500","S&P 500","상승","상승","1","0.617","0.326","0.326","S&P선물 양호 · 당일 양호 · 5일 양호"
"2026-04-09","2026-04-10","sp500","S&P 500","상승","하락","0","-0.1139","0.2762","0.2762","5일 양호 · S&P선물 양호 · VIX 양호"
"2026-04-10","2026-04-13","sp500","S&P 500","상승","상승","1","1.0173","0.1396","0.1396","5일 양호 · VIX 양호 · 시장레짐 양호"
"2026-04-13","2026-04-14","sp500","S&P 500","상승","상승","1","1.1783","0.3534","0.3534","5일 양호 · S&P선물 양호 · VIX 양호"
"2026-04-14","2026-04-15","sp500","S&P 500","상승","상승","1","0.7976","0.4962","0.4962","S&P선물 양호 · 5일 양호 · VIX 양호"
"2026-04-15","2026-04-16","sp500","S&P 500","상승","상승","1","0.261","0.4201","0.4201","5일 양호 · S&P선물 양호 · 추세 양호"
"2026-04-16","2026-04-17","sp500","S&P 500","상승","상승","1","1.204","0.3281","0.3281","5일 양호 · 20일 양호 · VIX 양호"
"2026-04-17","2026-04-20","sp500","S&P 500","상승","하락","0","-0.2374","0.5966","0.5966","S&P선물 양호 · 당일 양호 · 5일 양호"
"2026-04-20","2026-04-21","sp500","S&P 500","상승","하락","0","-0.6348","0.3723","0.3723","5일 양호 · 20일 양호 · 추세 양호"
"2026-04-21","2026-04-22","sp500","S&P 500","상승","상승","1","1.046","0.1925","0.1925","20일 양호 · 추세 양호 · VIX 양호"
"2026-04-22","2026-04-23","sp500","S&P 500","상승","하락","0","-0.4133","0.4688","0.4688","S&P선물 양호 · 추세 양호 · 20일 양호"
"2026-04-23","2026-04-24","sp500","S&P 500","상승","상승","1","0.7974","0.1562","0.1562","20일 양호 · 추세 양호 · VIX 양호"
"2026-04-24","2026-04-27","sp500","S&P 500","상승","상승","1","0.1232","0.3542","0.3542","S&P선물 양호 · 20일 양호 · 추세 양호"
"2026-04-27","2026-04-28","sp500","S&P 500","상승","하락","0","-0.4894","0.2403","0.2403","20일 양호 · 추세 양호 · VIX 양호"
"2026-04-28","2026-04-29","sp500","S&P 500","상승","하락","0","-0.0399","0.1072","0.1072","20일 양호 · 추세 양호 · VIX 양호"
"2026-04-29","2026-04-30","sp500","S&P 500","상승","상승","1","1.0238","0.2453","0.2453","20일 양호 · 추세 양호 · VIX 양호"
"2026-04-30","2026-05-01","sp500","S&P 500","상승","상승","1","0.2928","0.4548","0.4548","S&P선물 양호 · 추세 양호 · 20일 양호"
"2026-05-01","2026-05-04","sp500","S&P 500","상승","하락","0","-0.4062","0.2322","0.2322","20일 양호 · 추세 양호 · VIX 양호"
"2026-05-04","2026-05-05","sp500","S&P 500","상승","상승","1","0.812","0.0749","0.0749","20일 양호 · 추세 양호 · VIX 양호"
"2026-05-05","2026-05-06","sp500","S&P 500","상승","상승","1","1.4588","0.4082","0.4082","S&P선물 양호 · 20일 양호 · 추세 양호"
"2026-05-06","2026-05-07","sp500","S&P 500","상승","하락","0","-0.3803","0.5555","0.5555","S&P선물 양호 · 당일 양호 · 5일 양호"
"2026-05-07","2026-05-08","sp500","S&P 500","상승","상승","1","0.8426","0.1253","0.1253","20일 양호 · 추세 양호 · VIX 양호"
"2026-05-08","2026-05-11","sp500","S&P 500","상승","상승","1","0.188","0.4129","0.4129","S&P선물 양호 · 5일 양호 · 20일 양호"
"2026-05-11","2026-05-12","sp500","S&P 500","상승","하락","0","-0.1603","0.3079","0.3079","5일 양호 · 20일 양호 · 추세 양호"
"2026-05-12","2026-05-13","sp500","S&P 500","상승","상승","1","0.5849","0.2745","0.2745","20일 양호 · 추세 양호 · VIX 양호"
"2026-05-13","2026-05-14","sp500","S&P 500","상승","상승","1","0.7656","0.3614","0.3614","S&P선물 양호 · 20일 양호 · 추세 양호"
"2026-05-14","2026-05-15","sp500","S&P 500","상승","하락","0","-1.2363","0.3987","0.3987","S&P선물 양호 · 20일 양호 · 5일 양호"
"2026-05-15","2026-05-18","sp500","S&P 500","하락","하락","1","-0.0736","-0.1148","0.1148","S&P선물 부담 · 당일 부담 · S&P폭 부담"
"2026-05-18","2026-05-19","sp500","S&P 500","상승","하락","0","-0.6678","0.1355","0.1355","추세 양호 · 20일 양호 · 시장레짐 양호"
"2026-05-19","2026-05-20","sp500","S&P 500","하락","상승","0","1.0792","-0.025","0.025","S&P폭 부담 · S&P선물 부담 · 동일가중 부담"
"2026-05-20","2026-05-21","sp500","S&P 500","상승","상승","1","0.1715","0.2976","0.2976","S&P선물 양호 · 추세 양호 · 20일 양호"
"2026-05-21","2026-05-22","sp500","S&P 500","상승","상승","1","0.3727","0.1237","0.1237","추세 양호 · 20일 양호 · 시장레짐 양호"
"2026-05-22","2026-05-26","sp500","S&P 500","상승","상승","1","0.6108","0.171","0.171","추세 양호 · 20일 양호 · 시장레짐 양호"
"2026-05-26","2026-05-27","sp500","S&P 500","상승","상승","1","0.0165","0.3739","0.3739","S&P선물 양호 · 추세 양호 · VIX 양호"
"2026-05-27","2026-05-28","sp500","S&P 500","상승","상승","1","0.5754","0.2533","0.2533","5일 양호 · 20일 양호 · 추세 양호"
"2026-05-28","2026-05-29","sp500","S&P 500","상승","상승","1","0.2172","0.359","0.359","S&P선물 양호 · 20일 양호 · 추세 양호"
"2026-05-29","2026-06-01","sp500","S&P 500","상승","상승","1","0.2625","0.2603","0.2603","20일 양호 · 추세 양호 · VIX 양호"