date,portfolioAction,portfolioScore,marketAction,marketScore,nextDayReturn,forwardReturn20d
2025-01-02,보유,20,홀딩,3,1.4747,3.2276
2025-01-03,분할 매수,36,신규 매수,26,2.3004,3.5924
2025-01-06,보유,39,홀딩,23,0.1044,0.7021
2025-01-07,보유,25,홀딩,6,-0.0039,0.047
2025-01-08,보유,35,홀딩,17,0.5319,0.7517
2025-01-10,보유,19,홀딩,1,-1.377,2.7765
2025-01-13,보유,4,홀딩,-4,0.291,3.5395
2025-01-14,보유,3,홀딩,-4,0.6763,3.2782
2025-01-15,보유,15,홀딩,3,2.019,4.4239
2025-01-16,보유,22,홀딩,8,1.5046,3.211
2025-01-17,보유,33,홀딩,21,-1.0653,0.5037
2025-01-21,보유,42,신규 매수,35,2.1819,-1.2263
2025-01-22,보유,52,신규 매수,46,-0.3849,-4.3608
2025-01-23,보유,38,신규 매수,33,0.8005,-4.0694
2025-01-24,보유,42,신규 매수,42,-3.6005,-4.9535
2025-01-27,보유,3,홀딩,3,-2.9797,-4.7251
2025-01-28,보유,19,홀딩,20,-2.9797,-4.7251
2025-01-29,보유,9,홀딩,11,-2.9797,-4.7251
2025-01-30,분할 매수,54,신규 매수,55,-2.9797,-4.7251
2025-01-31,분할 매수,42,신규 매수,41,-2.9797,-4.7251
2025-02-03,보유,10,홀딩,18,1.5439,-1.8739
2025-02-04,보유,17,홀딩,22,-0.0818,-2.5636
2025-02-05,보유,24,신규 매수,26,1.7926,-4.3972
2025-02-06,보유,27,신규 매수,29,-0.5052,-7.1319
2025-02-07,보유,17,홀딩,18,-0.4788,-6.683
2025-02-10,분할 매수,50,신규 매수,50,0.6571,-7.501
2025-02-11,분할 매수,51,신규 매수,54,0.8548,-7.2338
2025-02-12,분할 매수,42,신규 매수,42,1.0501,-7.1739
2025-02-13,분할 매수,49,신규 매수,57,-0.5013,-6.766
2025-02-14,보유,31,신규 매수,38,0.0574,-5.2906
2025-02-18,분할 매수,42,신규 매수,51,0.911,-6.9854
2025-02-19,분할 매수,56,신규 매수,61,-1.078,-7.0251
2025-02-20,분할 매수,62,신규 매수,65,-0.456,-6.5136
2025-02-21,분할 매수,45,신규 매수,45,-2.0928,-6.5164
2025-02-24,보유,26,신규 매수,29,-1.0461,-4.8556
2025-02-25,보유,1,홀딩,4,-0.1234,-3.5453
2025-02-26,보유,16,홀딩,16,-0.1643,-5.6726
2025-02-27,보유,-10,홀딩,-16,-3.3522,-7.1811
2025-02-28,보유,-14,홀딩,-7,-0.1073,-6.6412
2025-03-03,비중 축소,-28,매도,-27,0.8141,-5.7509
2025-03-04,비중 축소,-23,매도,-24,0.8141,-5.7509
2025-03-05,보유,-15,홀딩,-15,-1.9186,-6.8299
2025-03-06,비중 축소,-34,매도,-22,-1.1684,-6.3799
2025-03-07,비중 축소,-31,홀딩,-19,-0.0046,-7.5474
2025-03-10,비중 축소,-49,매도,-32,-1.385,-13.9482
2025-03-11,비중 축소,-52,매도,-37,0.9247,-10.5131
2025-03-12,보유,-12,홀딩,-14,0.9021,-13.2198
2025-03-13,보유,-15,홀딩,-16,1.5162,-7.6869
2025-03-14,보유,-13,홀딩,-15,1.0655,-9.7899
2025-03-17,보유,-15,홀딩,-19,0.2312,-10.2678
2025-03-18,비중 축소,-27,매도,-29,-0.3691,-9.7186
2025-03-19,보유,-7,홀딩,-6,0.9227,-11.4075
2025-03-20,보유,-7,홀딩,-8,-0.6035,-11.1068
2025-03-21,보유,-12,홀딩,-13,-0.3952,-10.7453
2025-03-24,보유,-5,홀딩,-2,-0.2793,-10.7512
2025-03-25,보유,-12,홀딩,-8,0.297,-11.8214
2025-03-26,보유,-18,홀딩,-17,-2.5372,-9.7279
2025-03-27,비중 축소,-21,매도,-20,-1.7917,-7.3043
2025-03-28,비중 축소,-29,매도,-29,-2.977,-3.1307
2025-03-31,비중 축소,-36,매도,-39,0.7866,-0.7375
2025-04-01,비중 축소,-33,매도,-35,-0.3632,0.115
2025-04-02,비중 축소,-36,매도,-37,-1.4586,-1.022
2025-04-03,비중 축소,-53,매도,-53,-2.558,1.2042
2025-04-04,비중 축소,-57,매도,-55,-7.476,4.9061
2025-04-07,비중 축소,-70,매도,-59,3.1675,14.6353
2025-04-08,비중 축소,-68,매도,-64,-2.3458,11.0762
2025-04-09,비중 축소,-75,매도,-53,8.0563,16.7973
2025-04-10,비중 축소,-58,매도,-55,-0.9198,9.1995
2025-04-11,비중 축소,-66,매도,-56,0.5142,13.1684
2025-04-14,비중 축소,-55,매도,-50,0.8136,11.1201
2025-04-15,비중 축소,-49,매도,-46,-2.3693,10.5374
2025-04-16,비중 축소,-60,매도,-57,1.1862,11.757
2025-04-17,비중 축소,-47,매도,-41,-0.3041,11.584
2025-04-21,비중 축소,-60,매도,-56,-1.5461,11.2099
2025-04-22,비중 축소,-59,매도,-45,2.7653,13.0308
2025-04-23,비중 축소,-52,매도,-38,0.0797,10.4126
2025-04-24,비중 축소,-48,매도,-31,2.6518,10.339
2025-04-25,보유,-17,홀딩,-12,-0.5914,8.4172
2025-04-28,비중 축소,-50,매도,-32,1.5291,10.578
2025-04-29,비중 축소,-26,매도,-22,-1.5436,7.0465
2025-04-30,비중 축소,-23,홀딩,-18,0.7525,8.3509
2025-05-01,비중 축소,-20,홀딩,-10,1.03,10.6505
2025-05-02,보유,-17,홀딩,-6,1.03,10.6505
2025-05-05,보유,-10,홀딩,10,0.551,10.6321
2025-05-06,보유,-13,홀딩,7,0.551,10.6321
2025-05-07,보유,16,신규 매수,34,0.551,10.6321
2025-05-08,보유,16,신규 매수,33,0.0689,10.9023
2025-05-09,보유,20,신규 매수,35,2.5148,12.2548
2025-05-12,보유,54,신규 매수,66,1.2537,10.7094
2025-05-13,보유,51,신규 매수,65,2.5917,8.8045
2025-05-14,보유,49,신규 매수,57,-1.2572,5.0485
2025-05-15,보유,51,신규 매수,65,0.3244,8.6673
2025-05-16,분할 매수,52,신규 매수,60,-1.3463,9.0434
2025-05-19,분할 매수,61,신규 매수,68,1.0121,11.2519
2025-05-20,분할 매수,58,신규 매수,68,-0.1506,10.7671
2025-05-21,분할 매수,50,신규 매수,55,-1.0915,10.9664
2025-05-22,분할 매수,46,신규 매수,58,-0.0668,12.1651
2025-05-23,분할 매수,45,신규 매수,57,0.4384,15.1329
2025-05-27,분할 매수,57,신규 매수,73,1.0749,15.3658
2025-05-28,분할 매수,57,신규 매수,69,1.3256,14.017
2025-05-29,분할 매수,63,신규 매수,72,-1.5435,13.7084
2025-05-30,분할 매수,59,신규 매수,68,-0.3836,15.3176
2025-06-02,분할 매수,62,신규 매수,70,2.8538,14.1312
2025-06-03,분할 매수,63,신규 매수,68,1.0595,11.1158
2025-06-04,분할 매수,69,신규 매수,72,1.0595,11.1158
2025-06-05,분할 매수,63,신규 매수,70,0.78,8.3273
2025-06-06,보유,58,신규 매수,67,1.2253,7.6127
2025-06-09,보유,59,신규 매수,65,1.2253,7.6127
2025-06-10,보유,57,신규 매수,63,1.1764,7.3496
2025-06-11,분할 매수,60,신규 매수,65,-0.4664,6.2654
2025-06-12,분할 매수,64,신규 매수,70,-0.8655,7.5356
2025-06-13,분할 매수,50,신규 매수,51,1.9974,8.731
2025-06-16,분할 매수,66,신규 매수,70,0.7396,6.6288
2025-06-17,분할 매수,56,신규 매수,55,0.5653,7.1672
2025-06-18,분할 매수,55,신규 매수,55,0.6347,6.7866
2025-06-20,분할 매수,51,신규 매수,48,-0.0255,5.6397
2025-06-23,분할 매수,57,신규 매수,59,2.4735,5.8018
2025-06-24,분할 매수,67,신규 매수,70,1.0557,1.5833
2025-06-25,분할 매수,63,신규 매수,63,-0.3812,0.1241
2025-06-26,분할 매수,64,신규 매수,64,-0.1026,0.9772
2025-06-27,분할 매수,67,신규 매수,66,1.0014,1.0941
2025-06-30,분할 매수,73,신규 매수,77,-0.1995,1.9952
2025-07-01,분할 매수,67,신규 매수,71,-1.3038,2.9036
2025-07-02,분할 매수,70,신규 매수,71,0.2963,4.11
2025-07-03,분할 매수,63,신규 매수,62,-1.3678,4.7339
2025-07-07,분할 매수,52,신규 매수,49,0.9832,3.2981
2025-07-08,분할 매수,60,신규 매수,58,0.1542,4.1999
2025-07-09,분할 매수,59,신규 매수,58,0.704,3.4922
2025-07-10,분할 매수,60,신규 매수,59,0.2243,2.8081
2025-07-11,분할 매수,58,신규 매수,54,0.0181,2.658
2025-07-14,분할 매수,53,신규 매수,50,1.2711,3.3124
2025-07-15,분할 매수,52,신규 매수,49,0.2096,1.4897
2025-07-16,분할 매수,52,신규 매수,48,-0.6264,2.404
2025-07-17,분할 매수,52,신규 매수,50,0.2503,2.5698
2025-07-18,분할 매수,52,신규 매수,50,0.1232,0.0933
2025-07-21,분할 매수,55,신규 매수,52,-1.5824,-0.6757
2025-07-22,분할 매수,51,신규 매수,50,-0.3868,-0.8676
2025-07-23,분할 매수,53,신규 매수,54,0.4187,-0.4
2025-07-24,분할 매수,58,신규 매수,59,0.0405,-0.1634
2025-07-25,분할 매수,62,신규 매수,64,1.8968,1.3938
2025-07-28,분할 매수,60,신규 매수,60,0.6908,-0.6183
2025-07-29,분할 매수,55,신규 매수,53,-0.1472,-0.9804
2025-07-30,분할 매수,57,신규 매수,61,0.7994,-1.0647
2025-07-31,분할 매수,52,신규 매수,56,-2.9923,-1.667
2025-08-01,보유,27,홀딩,24,0.3981,-0.5847
2025-08-04,분할 매수,50,신규 매수,53,1.8511,-0.5993
2025-08-05,보유,36,신규 매수,41,-0.5329,-1.9214
2025-08-06,분할 매수,42,신규 매수,46,0.0827,-1.422
2025-08-07,분할 매수,50,신규 매수,53,0.0521,-0.3347
2025-08-08,분할 매수,48,신규 매수,52,0.6936,-0.2449
2025-08-11,분할 매수,47,신규 매수,47,-0.4264,0.1863
2025-08-12,분할 매수,59,신규 매수,63,1.1126,3.3638
2025-08-13,분할 매수,68,신규 매수,68,-0.4844,3.4791
2025-08-14,분할 매수,58,신규 매수,58,-2.1253,5.699
2025-08-15,분할 매수,45,신규 매수,46,-0.6362,8.6919
2025-08-18,분할 매수,49,신규 매수,51,-0.6362,8.6919
2025-08-19,보유,30,신규 매수,35,-1.7789,10.5543
2025-08-20,보유,23,신규 매수,31,0.0825,11.6097
2025-08-21,보유,17,신규 매수,26,0.6769,13.161
2025-08-22,분할 매수,45,신규 매수,52,1.5821,13.2799
2025-08-25,분할 매수,41,신규 매수,48,-0.1166,12.2133
2025-08-26,분할 매수,45,신규 매수,51,0.3119,12.9568
2025-08-27,분할 매수,47,신규 매수,52,-0.2209,12.0024
2025-08-28,분할 매수,46,신규 매수,53,0.1847,11.2311
2025-08-29,보유,32,신규 매수,36,-1.9437,9.141
2025-09-02,보유,28,신규 매수,30,0.4867,12.1951
2025-09-03,분할 매수,35,신규 매수,37,-0.0626,12.6518
2025-09-04,보유,28,신규 매수,37,1.2,16.3112
2025-09-05,분할 매수,42,신규 매수,47,0.1404,19.7523
2025-09-08,분할 매수,38,신규 매수,42,1.1352,18.3455
2025-09-09,분할 매수,50,신규 매수,56,2.7291,16.5776
2025-09-10,분할 매수,64,신규 매수,68,1.2252,15.6928
2025-09-11,분할 매수,64,신규 매수,69,1.6026,16.0092
2025-09-12,분할 매수,66,신규 매수,70,0.5248,13.5209
2025-09-15,분할 매수,62,신규 매수,64,0.9958,14.885
2025-09-16,분할 매수,69,신규 매수,70,-0.8451,13.4834
2025-09-17,분할 매수,61,신규 매수,60,1.3827,14.3727
2025-09-18,분할 매수,62,신규 매수,65,0.7254,13.834
2025-09-19,분할 매수,60,신규 매수,59,0.6289,15.9353
2025-09-22,분할 매수,64,신규 매수,61,0.4941,17.5706
2025-09-23,분할 매수,55,신규 매수,52,-0.5493,16.9525
2025-09-24,분할 매수,58,신규 매수,56,-0.8623,19.986
2025-09-25,분할 매수,54,신규 매수,52,-1.6112,22.628
2025-09-26,분할 매수,56,신규 매수,56,0.702,25.3589
2025-09-29,분할 매수,64,신규 매수,66,0.3625,28.6619
2025-09-30,분할 매수,57,신규 매수,57,0.8216,26.324
2025-10-01,분할 매수,62,신규 매수,58,3.01,21.4542
2025-10-02,분할 매수,61,신규 매수,62,4.0491,19.2789
2025-10-03,분할 매수,58,신규 매수,57,-0.9,11.8582
2025-10-06,분할 매수,59,신규 매수,57,-0.9,11.8582
2025-10-07,분할 매수,53,신규 매수,53,-0.9,11.8582
2025-10-08,분할 매수,61,신규 매수,63,-0.9,11.8582
2025-10-09,분할 매수,56,신규 매수,60,-0.9,11.8582
2025-10-10,분할 매수,39,홀딩,24,-0.9,11.8582
2025-10-13,분할 매수,55,신규 매수,43,-0.2543,15.5009
2025-10-14,분할 매수,39,신규 매수,26,1.9643,17.3163
2025-10-15,분할 매수,48,신규 매수,32,1.4327,13.8016
2025-10-16,보유,28,홀딩,14,-0.4937,12.4229
2025-10-17,분할 매수,39,홀딩,23,1.7757,7.3456
2025-10-20,분할 매수,58,신규 매수,45,-0.1344,7.5858
2025-10-21,분할 매수,46,신규 매수,35,-0.114,4.5515
2025-10-22,분할 매수,47,신규 매수,35,0.9917,3.6067
2025-10-23,분할 매수,54,신규 매수,41,2.4791,5.2089
2025-10-24,분할 매수,61,신규 매수,47,1.9688,-3.2057
2025-10-27,분할 매수,63,신규 매수,57,-0.0172,-4.5135
2025-10-28,분할 매수,59,신규 매수,50,1.8376,-2.7794
2025-10-29,분할 매수,61,신규 매수,52,1.1055,-3.2438
2025-10-30,분할 매수,53,신규 매수,45,0.3232,-3.2148
2025-10-31,분할 매수,55,신규 매수,42,2.9901,-4.2432
2025-11-03,분할 매수,55,신규 매수,43,-1.3579,-7.6258
2025-11-04,분할 매수,40,홀딩,23,-2.678,-4.9709
2025-11-05,분할 매수,48,신규 매수,32,1.3014,-1.2236
2025-11-06,분할 매수,43,홀딩,23,-2.142,-3.0273
2025-11-07,분할 매수,41,홀딩,21,2.1487,0.5007
2025-11-10,분할 매수,57,신규 매수,45,1.1931,-0.8257
2025-11-11,분할 매수,48,신규 매수,37,-0.783,-2.3577
2025-11-12,분할 매수,56,신규 매수,44,0.1951,-1.4081
2025-11-13,보유,23,홀딩,3,-4.8147,-1.8969
2025-11-14,보유,23,홀딩,11,2.0591,4.035
2025-11-17,보유,3,홀딩,-8,-2.863,-0.8379
2025-11-18,보유,18,홀딩,5,-0.9231,0.2771
2025-11-19,보유,16,홀딩,3,2.665,2.4811
2025-11-20,보유,-19,매도,-27,-5.5541,-1.9713
2025-11-21,보유,-8,홀딩,-17,0.6086,4.7417
2025-11-24,보유,14,홀딩,9,1.8119,6.4363
2025-11-25,보유,28,홀딩,21,1.3425,4.232
2025-11-26,보유,26,홀딩,19,1.1237,1.9807
2025-11-28,분할 매수,37,신규 매수,27,-0.8601,3.3585
2025-12-01,분할 매수,36,신규 매수,26,1.542,4.0151
2025-12-02,분할 매수,41,신규 매수,30,1.2028,5.3277
2025-12-03,분할 매수,39,홀딩,24,-0.5364,7.557
2025-12-04,보유,22,홀딩,21,1.476,8.8387
2025-12-05,보유,25,홀딩,24,0.7744,7.8248
2025-12-08,보유,22,홀딩,22,-0.3754,6.7401
2025-12-09,보유,26,신규 매수,26,0.183,6.5292
2025-12-10,보유,25,홀딩,23,-0.2916,7.9233
2025-12-11,보유,29,홀딩,33,0.8681,9.1068
2025-12-12,보유,23,홀딩,24,-2.654,9.5457
2025-12-15,보유,13,홀딩,25,-1.7766,12.9112
2025-12-16,보유,24,신규 매수,35,1.2192,16.4397
2025-12-17,보유,0,홀딩,5,-1.7822,15.4902
2025-12-18,보유,-6,홀딩,6,0.7969,16.1342
2025-12-19,분할 매수,34,홀딩,37,2.2027,15.1636
2025-12-22,보유,28,홀딩,37,-0.273,14.1063
2025-12-23,분할 매수,49,신규 매수,58,-0.8087,14.2362
2025-12-24,분할 매수,44,신규 매수,55,0.2661,14.0662
2025-12-26,분할 매수,58,신규 매수,68,1.4186,16.5147
2025-12-29,분할 매수,61,신규 매수,73,-0.2467,17.6706
2025-12-30,분할 매수,56,신규 매수,68,2.7547,19.3142
2025-12-31,분할 매수,50,신규 매수,63,3.2445,16.8903
2026-01-02,분할 매수,66,신규 매수,71,3.2445,16.8903
2026-01-05,분할 매수,63,신규 매수,68,0.5363,6.915
2026-01-06,분할 매수,62,신규 매수,70,0.4058,12.6094
2026-01-07,분할 매수,57,신규 매수,60,-0.1359,12.8228
2026-01-08,분할 매수,48,신규 매수,53,-0.4835,8.9201
2026-01-09,분할 매수,63,신규 매수,68,1.5383,7.9138
2026-01-12,분할 매수,56,신규 매수,59,0.7804,10.5232
2026-01-13,분할 매수,53,신규 매수,56,1.2934,9.274
2026-01-14,분할 매수,48,신규 매수,51,0.2144,7.8302
2026-01-15,분할 매수,57,신규 매수,60,1.1145,9.5771
2026-01-16,분할 매수,52,신규 매수,54,0.4191,7.6828
2026-01-20,분할 매수,30,신규 매수,26,-0.0693,12.4217
2026-01-21,분할 매수,44,신규 매수,45,1.3194,14.3042
2026-01-22,분할 매수,50,신규 매수,50,-0.1432,14.9907
2026-01-23,분할 매수,52,신규 매수,56,-0.9791,15.9342
2026-01-26,분할 매수,59,신규 매수,61,2.3468,21.318
2026-01-27,분할 매수,59,신규 매수,61,2.3327,16.7536
2026-01-28,분할 매수,63,신규 매수,63,1.1058,7.9164
2026-01-29,분할 매수,54,신규 매수,53,0.7485,-1.8351
2026-01-30,분할 매수,46,신규 매수,46,-5.1784,5.0995
2026-02-02,분할 매수,50,신규 매수,53,5.7815,11.1158
2026-02-03,분할 매수,38,신규 매수,32,0.5788,-0.9542
2026-02-04,분할 매수,40,신규 매수,37,-3.4165,3.0624
2026-02-05,보유,22,홀딩,1,-1.3838,7.3733
2026-02-06,분할 매수,41,신규 매수,39,3.9041,8.7825
2026-02-09,분할 매수,50,신규 매수,45,-0.315,3.8358
2026-02-10,분할 매수,48,신규 매수,46,-0.0287,5.5309
2026-02-11,분할 매수,48,신규 매수,47,1.774,6.2916
2026-02-12,분할 매수,36,홀딩,23,-0.6138,8.7735
2026-02-13,분할 매수,30,홀딩,13,2.0644,8.5065
2026-02-17,분할 매수,30,홀딩,13,1.326,7.0206
2026-02-18,분할 매수,41,신규 매수,30,1.326,7.0206
2026-02-19,분할 매수,34,홀딩,17,1.326,7.0206
2026-02-20,분할 매수,50,신규 매수,42,1.4346,0.4291
2026-02-23,분할 매수,34,홀딩,13,1.8213,0.3576
2026-02-24,분할 매수,53,신규 매수,46,0.6204,0.5837
2026-02-25,분할 매수,53,신규 매수,46,3.3908,-2.3591
2026-02-26,분할 매수,43,신규 매수,39,-1.2764,-7.5607
2026-02-27,분할 매수,37,신규 매수,36,-5.3113,-8.9253
2026-03-02,분할 매수,30,홀딩,17,-8.1069,-7.3269
2026-03-03,보유,3,홀딩,-8,-8.1069,-7.3269
2026-03-04,보유,13,홀딩,5,8.4363,8.0948
2026-03-05,보유,2,홀딩,-9,-0.0361,-3.3394
2026-03-06,비중 축소,-26,매도,-34,-5.7504,-0.8181
2026-03-09,비중 축소,-25,매도,-33,5.2025,6.2546
2026-03-10,보유,-8,매도,-21,0.7106,1.1432
2026-03-11,보유,2,홀딩,-16,-0.1073,6.9694
2026-03-12,비중 축소,-27,매도,-42,-0.738,6.1609
2026-03-13,비중 축소,-24,매도,-38,1.5348,9.1843
2026-03-16,보유,26,홀딩,8,0.7883,8.6331
2026-03-17,보유,26,홀딩,3,4.6352,10.6884
2026-03-18,보유,-17,매도,-34,-0.9318,8.3239
2026-03-19,보유,-5,매도,-26,0.8071,10.6308
2026-03-20,비중 축소,-39,매도,-49,-5.0151,9.7581
2026-03-23,비중 축소,-21,매도,-34,1.6048,16.6218
2026-03-24,비중 축소,-22,매도,-32,2.193,17.0623
2026-03-25,보유,-19,매도,-27,-2.4981,15.9984
2026-03-26,비중 축소,-43,매도,-54,-2.1308,21.403
2026-03-27,비중 축소,-51,매도,-63,-2.7726,26.7317
2026-03-30,비중 축소,-56,매도,-65,-3.6218,35.9084
2026-03-31,비중 축소,-53,매도,-51,7.0473,40.6639
2026-04-01,비중 축소,-25,매도,-37,-3.0905,31.8467
2026-04-02,비중 축소,-36,매도,-48,2.6165,37.6656
2026-04-06,비중 축소,-28,매도,-42,0.1466,49.9278
2026-04-07,비중 축소,-33,매도,-45,6.5272,51.1954
2026-04-08,보유,27,홀딩,5,-0.8591,42.4
2026-04-09,보유,39,홀딩,22,2.0654,48.5262
2026-04-10,보유,55,신규 매수,45,0.9825,43.4748
2026-04-13,보유,52,신규 매수,41,2.682,43.9629
2026-04-14,분할 매수,63,신규 매수,62,2.3848,39.6157
2026-04-15,분할 매수,64,신규 매수,64,1.1931,29.3841
2026-04-16,분할 매수,61,신규 매수,59,0.0104,28.0926
2026-04-17,분할 매수,66,신규 매수,68,0.8396,24.2968
2026-04-20,분할 매수,64,신규 매수,65,1.9699,23.3956
2026-04-21,분할 매수,66,신규 매수,69,1.2548,29.4121
2026-04-22,분할 매수,67,신규 매수,71,1.964,29.8917