date,portfolioAction,portfolioConfidence,portfolioUpProbability,portfolioDownProbability,portfolioRegime,portfolioExposure,portfolioFixedExposure,portfolioScore,portfolioCrisisMode,portfolioCrisisScore,portfolioCrisisShock,portfolioCrisisTailRisk,portfolioCoverage,portfolioRecoveryScore,marketAction,marketConfidence,marketUpProbability,marketDownProbability,marketRegime,marketExposure,marketScore,marketRecoveryScore,closeToCloseReturn,nextOpenReturn,nextCloseReturn,nextDayReturn,strategyReturn,forwardReturn5d
2024-07-09,상승,강한 녹색,78,25,balanced,1,1,58,normal,0,0,0,73.5,0.6073,상승,강한 녹색,77,24,balanced,1,64,0.6347,1.5337,2.1125,0.5267,2.1125,2.1125,0.7679
2024-07-10,상승,강한 녹색,78,25,balanced,1,1,60,normal,0,0,0,73.5,0.6648,상승,강한 녹색,77,24,balanced,1,69,0.7202,0.5267,-2.277,-2.1146,-2.277,-2.277,-7.1241
2024-07-11,상승,강한 녹색,75,27,balanced,1,1,52,normal,0,0,0,73.5,0.481,상승,강한 녹색,73,26,balanced,1,56,0.4905,-2.1146,0.3265,0.8048,0.3265,0.3265,-4.7197
2024-07-12,상승,강한 녹색,77,25,balanced,1,1,57,normal,0,0,0,73.5,0.6279,상승,강한 녹색,75,24,balanced,1,61,0.6703,0.8048,0.3133,0.4701,0.3133,0.3133,-5.6365
2024-07-15,상승,약한 녹색,74,28,balanced,1,1,44,normal,0,0,0,73.5,0.4007,중립,녹색 대기,71,28,balanced,0.6,45,0.3894,0.4701,0.387,-2.6906,0.387,0.387,-5.7658
2024-07-16,상승,강한 녹색,77,26,balanced,1,1,51,normal,0,0,0,73.5,0.4826,상승,강한 녹색,76,25,balanced,1,57,0.4873,-2.6906,-5.9354,-2.5891,-5.9354,-5.9354,-5.4693
2024-07-17,중립,녹색 대기,61,35,balanced,1,0.6,24,normal,0,0,0,73.5,0.1477,중립,녹색 대기,59,35,balanced,0.6,25,0.1126,-2.5891,0.2817,-0.6027,0.2817,0.2817,-1.704
2024-07-18,중립,녹색 대기,63,34,balanced,1,0.6,28,normal,0,0,0,73.5,0.1306,중립,녹색 대기,62,32,balanced,0.6,32,0.122,-0.6027,-0.6032,-2.3495,-0.6032,-0.6032,-4.7283
2024-07-19,중립,녹색 대기,58,39,balanced,0.85,0.6,13,normal,0,0,0,73.5,0.032,중립,녹색 대기,63,34,balanced,0.6,23,0.0085,-2.3495,0.1581,3.0838,0.1581,0.1581,-4.4015
2024-07-22,중립,녹색 대기,65,34,balanced,1,0.6,15,normal,0,0,0,73.5,0.1221,중립,녹색 대기,67,29,balanced,0.6,35,0.2036,3.0838,0.8025,-0.2981,0.8025,0.8025,-5.0545
2024-07-23,중립,중립,61,36,balanced,0.8,0.6,12,normal,0,0,0,73.5,0.0104,중립,녹색 대기,66,32,balanced,0.6,27,0.0143,-0.2981,-2.1982,-5.0595,-2.1982,-2.1982,-7.1484
2024-07-24,중립,위험 경계,35,56,balanced,0.75,0.6,-17,normal,0,0,0,73.5,-0.4308,중립,위험 경계,37,53,balanced,0.6,-15,-0.5135,-5.0595,-2.8315,-0.6401,-2.8315,-2.8315,-1.1123
2024-07-25,중립,위험 경계,32,58,balanced,0.75,0.6,-29,normal,0,0,0,73.5,-0.4448,중립,위험 경계,38,52,balanced,0.6,-15,-0.4669,-0.6401,-0.1829,0.6834,-0.1829,-0.1829,-3.3987
2024-07-26,중립,중립,48,45,balanced,0.8,0.6,-11,normal,0,0,0,73.5,-0.1617,중립,중립,59,37,balanced,0.6,10,-0.1422,0.6834,-0.5501,-1.9935,-0.5501,-0.5501,-10.8999
2024-07-29,중립,위험 경계,47,47,balanced,0.75,0.6,-13,normal,0,0,0,73.5,-0.2437,중립,중립,58,38,balanced,0.6,8,-0.2318,-1.9935,-1.6963,0.5545,-1.6963,-1.6963,-11.6853
2024-07-30,중립,위험 경계,35,54,balanced,0.75,0.6,-24,normal,0,0,0,73.5,-0.4533,중립,중립,46,44,balanced,0.6,-4,-0.4841,0.5545,4.2434,1.3619,4.2434,4.2434,-8.6109
2024-07-31,중립,중립,51,41,balanced,0.8,0.6,-4,normal,0,0,0,73.5,-0.1069,중립,녹색 대기,65,31,balanced,0.6,26,-0.0585,1.3619,-5.0351,-7.248,-5.0351,-5.0351,-12.7305
2024-08-01,중립,위험 경계,35,55,balanced,0.75,0.6,-18,normal,0,0,0,73.5,-0.4323,중립,중립,44,46,balanced,0.6,-1,-0.4749,-7.248,-7.9339,-9.2543,-7.9339,-7.9339,-4.7404
2024-08-02,중립,위험 경계,27,68,balanced,0.75,0.6,-38,normal,1,0,0,73.5,-0.6945,중립,위험 경계,33,61,balanced,0.6,-23,-0.7467,-9.2543,-1.3692,6.1234,-1.3692,-1.3692,3.2819
2024-08-05,중립,위험 경계,21,78,stress,0.75,0.6,-67,elevated,3,1,0,73.5,-0.7215,중립,위험 경계,23,76,stress,0.6,-45,-0.7325,6.1234,1.8163,1.7982,1.8163,1.8163,6.2102
2024-08-06,중립,위험 경계,28,68,balanced,0.75,0.6,-41,elevated,3,0,0,73.5,-0.2154,중립,위험 경계,36,62,balanced,0.6,-23,-0.166,1.7982,-0.5633,-2.2115,-0.5633,-0.5633,5.5358
2024-08-07,중립,위험 경계,24,72,balanced,0.75,0.6,-58,normal,2,0,0,73.5,-0.5501,하락,약한 빨간색,29,67,balanced,0.2,-45,-0.5521,-2.2115,3.7281,3.0733,3.7281,3.7281,8.9924
2024-08-08,중립,위험 경계,39,55,balanced,0.75,0.6,-31,normal,0,0,0,73.5,-0.2984,중립,중립,54,44,balanced,0.6,-5,-0.2342,3.0733,-0.2389,1.0245,-0.2389,-0.2389,6.5619
2024-08-09,중립,위험 경계,37,56,balanced,0.75,0.6,-30,normal,0,0,0,73.5,-0.384,중립,위험 경계,46,50,balanced,0.6,-18,-0.359,1.0245,1.4186,-0.257,1.4186,1.4186,5.6967
2024-08-12,중립,위험 경계,32,59,balanced,0.75,0.6,-33,normal,0,0,0,73.5,-0.4863,중립,위험 경계,39,54,balanced,0.6,-22,-0.4926,-0.257,1.1535,1.8588,1.1535,1.1535,3.4444
2024-08-13,중립,위험 경계,48,49,balanced,0.75,0.6,-16,normal,0,0,0,73.5,-0.3064,중립,중립,61,40,balanced,0.6,6,-0.2564,1.8588,2.6462,4.0819,2.6462,2.6462,3.8625
2024-08-14,중립,위험 경계,42,53,balanced,0.75,0.6,-23,normal,0,0,0,73.5,-0.4093,중립,중립,53,46,balanced,0.6,-6,-0.4121,4.0819,1.4192,-2.24,1.4192,1.4192,-0.7926
2024-08-16,중립,중립,53,49,balanced,0.8,0.6,-12,normal,0,0,0,73.5,-0.3513,중립,중립,62,40,balanced,0.6,7,-0.3605,-2.24,-1.0229,1.8579,-1.0229,-1.0229,-1.8268
2024-08-19,중립,위험 경계,48,47,balanced,0.75,0.6,-17,normal,0,0,0,73.5,-0.3002,중립,녹색 대기,62,36,balanced,0.6,15,-0.2582,1.8579,-0.7191,-0.5511,-0.7191,-0.7191,-3.7693
2024-08-20,중립,위험 경계,50,47,balanced,0.75,0.6,-14,normal,0,0,0,73.5,-0.3227,중립,녹색 대기,63,37,balanced,0.6,13,-0.2983,-0.5511,1.5514,-0.0946,1.5514,1.5514,-3.435
2024-08-21,중립,위험 경계,49,48,balanced,0.75,0.6,-17,normal,0,0,0,73.5,-0.2819,중립,녹색 대기,64,35,balanced,0.6,16,-0.2544,-0.0946,-1.904,-1.1136,-1.904,-1.904,-7.1297
2024-08-22,중립,위험 경계,32,62,balanced,0.75,0.6,-30,normal,0,0,0,73.5,-0.6156,중립,중립,41,54,balanced,0.6,-10,-0.6636,-1.1136,0.3516,-1.4761,0.3516,0.3516,-4.7582
2024-08-23,중립,중립,60,38,balanced,0.8,0.6,0,normal,0,0,0,73.5,-0.0644,중립,녹색 대기,69,30,balanced,0.6,29,0.0261,-1.4761,-2.9794,-1.2526,-2.9794,-2.9794,-3.7169
2024-08-26,중립,위험 경계,33,56,balanced,0.75,0.6,-29,normal,0,0,0,73.5,-0.2425,중립,중립,49,42,balanced,0.6,7,-0.1711,-1.2526,-0.3723,0.8674,-0.3723,-0.3723,-2.0194
2024-08-27,하락,약한 빨간색,51,42,balanced,0.05,0.2,-11,normal,0,0,0,73.5,0.0104,중립,녹색 대기,67,31,balanced,0.6,26,0.1312,0.8674,-2.3823,-3.2005,-2.3823,-2.3823,-6.5861
2024-08-28,중립,위험 경계,33,59,balanced,0.75,0.6,-29,normal,0,0,0,73.5,-0.4872,중립,중립,48,45,balanced,0.6,4,-0.484,-3.2005,0.5934,1.6698,0.5934,0.5934,-4.9413
2024-08-29,중립,위험 경계,39,54,balanced,0.75,0.6,-25,normal,0,0,0,73.5,-0.2494,중립,녹색 대기,60,38,balanced,0.6,14,-0.1874,1.6698,1.4467,-0.8701,1.4467,1.4467,-7.4914
2024-08-30,중립,녹색 대기,71,32,balanced,1,0.6,20,normal,0,0,0,73.5,0.4523,상승,강한 녹색,76,25,balanced,1,57,0.6555,-0.8701,-1.2738,-1.1163,-1.2738,-1.2738,-12.022
2024-09-02,중립,녹색 대기,71,32,balanced,1,0.6,20,normal,0,0,0,73.5,0.4609,상승,강한 녹색,76,25,balanced,1,58,0.661,-1.1163,-5.0161,-5.0793,-5.0161,-5.0161,-7.9392
2024-09-03,중립,위험 경계,32,56,balanced,0.75,0.6,-26,normal,0,0,0,73.5,-0.4328,중립,중립,45,44,balanced,0.6,2,-0.4131,-5.0793,-0.6087,-1.5702,-0.6087,-0.6087,-3.2879
2024-09-04,중립,위험 경계,30,60,balanced,0.75,0.6,-36,normal,0,0,0,73.5,-0.4711,중립,중립,47,44,balanced,0.6,2,-0.4307,-1.5702,-2.157,-1.6017,-2.157,-2.157,0.5433
2024-09-05,중립,위험 경계,30,61,balanced,0.75,0.6,-35,normal,1,0,0,73.5,-0.4995,중립,중립,46,45,balanced,0.6,3,-0.4656,-1.6017,-3.5754,0.5241,-3.5754,-3.5754,4.0513
2024-09-06,중립,위험 경계,27,66,balanced,0.75,0.6,-43,normal,1,0,0,73.5,-0.5514,중립,중립,40,53,balanced,0.6,-11,-0.5191,0.5241,3.4803,-0.0859,3.4803,3.4803,6.7077
2024-09-09,중립,위험 경계,40,54,balanced,0.75,0.6,-24,normal,1,0,0,73.5,-0.1784,중립,녹색 대기,62,36,balanced,0.6,17,-0.1047,-0.0859,-0.2514,0.9011,-0.2514,-0.2514,6.5092
2024-09-10,하락,약한 빨간색,45,47,balanced,0.05,0.2,-14,normal,1,0,0,73.5,0.1455,중립,녹색 대기,66,33,balanced,0.6,28,0.3012,0.9011,3.3437,3.9379,3.3437,3.3437,5.9436
2024-09-11,중립,중립,68,34,balanced,0.8,0.6,12,normal,0,0,0,73.5,0.4237,중립,녹색 대기,72,27,balanced,0.6,44,0.6287,3.9379,1.1477,-1.1144,1.1477,1.1477,4.1372
2024-09-12,중립,녹색 대기,75,28,balanced,1,0.6,36,normal,0,0,0,73.5,0.6672,상승,강한 녹색,77,24,balanced,1,63,0.8513,-1.1144,-1.2291,1.4569,-1.2291,-1.2291,4.5512
2024-09-13,중립,녹색 대기,72,31,balanced,1,0.6,25,normal,0,0,0,73.5,0.5818,상승,강한 녹색,77,24,balanced,1,63,0.8008,1.4569,3.2896,1.1688,3.2896,3.2896,7.5737
2024-09-19,중립,녹색 대기,75,30,balanced,1,0.6,30,normal,0,0,0,73.5,0.6164,상승,강한 녹색,78,24,balanced,1,69,0.8087,1.1688,-0.7139,1.1675,-0.7139,-0.7139,6.2954
2024-09-20,중립,녹색 대기,70,31,balanced,1,0.6,26,normal,0,0,0,73.5,0.4118,상승,강한 녹색,76,26,balanced,1,54,0.5361,1.1675,1.634,0.9901,1.634,1.634,5.2912
2024-09-23,중립,녹색 대기,71,31,balanced,1,0.6,22,normal,0,0,0,73.5,0.3228,상승,강한 녹색,76,25,balanced,1,55,0.4397,0.9901,1.551,-0.1856,1.551,1.551,0.1739
2024-09-24,중립,중립,62,34,balanced,0.8,0.6,11,normal,0,0,0,73.5,0.1032,중립,녹색 대기,71,28,balanced,0.6,35,0.1667,-0.1856,1.6392,4.3912,1.6392,1.6392,-0.5148
2024-09-25,중립,중립,59,36,balanced,0.8,0.6,11,normal,0,0,0,73.5,0.1093,중립,녹색 대기,67,30,balanced,0.6,31,0.1758,4.3912,2.0443,-0.9776,2.0443,2.0443,-0.2454
2024-09-26,중립,녹색 대기,73,29,balanced,1,0.6,31,normal,0,0,0,73.5,0.3521,중립,녹색 대기,75,26,balanced,0.6,47,0.4272,-0.9776,-1.6579,-2.0641,-1.6579,-1.6579,-1.5347
2024-09-27,중립,녹색 대기,69,32,balanced,1,0.6,19,normal,0,0,0,73.5,0.1233,중립,녹색 대기,73,27,balanced,0.6,41,0.1781,-2.0641,-3.2328,-1.254,-3.2328,-3.2328,0.2796
2024-09-30,중립,중립,57,37,balanced,0.8,0.6,3,normal,0,0,0,73.5,0.0751,중립,녹색 대기,65,31,balanced,0.6,22,0.1453,-1.254,0.8612,1.5383,0.8612,0.8612,4.144
2024-10-02,중립,중립,49,42,balanced,0.8,0.6,-10,normal,0,0,0,73.5,-0.1615,중립,중립,59,36,balanced,0.6,11,-0.1345,1.5383,1.9046,2.4174,1.9046,1.9046,3.1788
2024-10-04,중립,녹색 대기,63,35,balanced,1,0.6,14,normal,0,0,0,73.5,0.12,중립,녹색 대기,63,31,balanced,0.6,24,0.1745,2.4174,0.7202,-1.4844,0.7202,0.7202,3.6018
2024-10-07,중립,중립,50,44,balanced,0.8,0.6,4,normal,0,0,0,73.5,-0.0134,중립,중립,52,40,balanced,0.6,10,0.0117,-1.4844,0.135,0.8562,0.135,0.135,0.2199
2024-10-08,중립,녹색 대기,69,33,balanced,1,0.6,21,normal,0,0,0,73.5,0.2272,중립,녹색 대기,67,30,balanced,0.6,27,0.2944,0.8562,0.4559,-0.2663,0.4559,0.4559,-0.0413
2024-10-10,중립,녹색 대기,62,39,ratePressure,0.9,0.6,16,normal,0,0,0,73.5,0.2822,중립,녹색 대기,59,36,balanced,0.6,21,0.3642,-0.2663,-0.0658,2.2039,-0.0658,-0.0658,0.9625
2024-10-11,중립,녹색 대기,68,35,ratePressure,0.9,0.6,19,normal,0,0,0,73.5,0.4451,중립,녹색 대기,66,32,balanced,0.6,25,0.5633,2.2039,2.3612,0.6107,2.3612,2.3612,-0.1072
2024-10-14,중립,녹색 대기,74,31,ratePressure,0.9,0.6,30,normal,0,0,0,73.5,0.527,중립,녹색 대기,73,28,balanced,0.6,40,0.6336,0.6107,-2.5706,-2.7563,-2.5706,-2.5706,-2.6117
2024-10-15,중립,녹색 대기,68,34,ratePressure,0.9,0.6,19,normal,0,0,0,73.5,0.5289,중립,녹색 대기,66,32,balanced,0.6,23,0.6045,-2.7563,-0.0989,1.469,-0.0989,-0.0989,-0.3815
2024-10-16,중립,녹색 대기,68,33,ratePressure,0.9,0.6,23,normal,0,0,0,73.5,0.4503,중립,녹색 대기,69,29,balanced,0.6,38,0.5643,1.469,1.4666,-1.4258,1.4666,1.4666,-0.5222
2024-10-17,중립,녹색 대기,70,33,ratePressure,0.9,0.6,26,normal,0,0,0,73.5,0.4771,중립,녹색 대기,69,29,balanced,0.6,37,0.546,-1.4258,-1.1449,0.4194,-1.1449,-1.1449,-1.6521
2024-10-18,중립,녹색 대기,72,33,ratePressure,0.9,0.6,24,normal,0,0,0,73.5,0.4843,중립,녹색 대기,72,29,balanced,0.6,37,0.5677,0.4194,-0.2133,-0.9622,-0.2133,-0.2133,-0.2153
2024-10-21,중립,녹색 대기,70,32,ratePressure,0.9,0.6,28,normal,0,0,0,73.5,0.4459,중립,녹색 대기,70,28,balanced,0.6,41,0.4883,-0.9622,-0.3406,1.2762,-0.3406,-0.3406,-0.0876
2024-10-22,중립,녹색 대기,65,35,ratePressure,0.9,0.6,22,normal,0,0,0,73.5,0.3794,중립,녹색 대기,64,32,balanced,0.6,30,0.4139,1.2762,-0.2392,-1.3271,-0.2392,-0.2392,0.4442
2024-10-23,중립,녹색 대기,64,35,ratePressure,0.9,0.6,22,normal,0,0,0,73.5,0.2096,중립,녹색 대기,64,32,balanced,0.6,30,0.1929,-1.3271,0.308,0.4494,0.308,0.308,-1.1821
2024-10-24,중립,녹색 대기,71,32,ratePressure,0.9,0.6,29,normal,0,0,0,73.5,0.4249,중립,녹색 대기,71,28,balanced,0.6,40,0.4574,0.4494,0.2981,0.5435,0.2981,0.2981,-2.757
2024-10-25,중립,녹색 대기,71,31,ratePressure,0.9,0.6,30,normal,0,0,0,73.5,0.3915,중립,녹색 대기,68,30,balanced,0.6,33,0.3935,0.5435,-0.0853,-0.194,-0.0853,-0.0853,-2.8836
2024-10-28,중립,녹색 대기,67,34,ratePressure,0.9,0.6,21,normal,0,0,0,73.5,0.2632,중립,녹색 대기,68,30,balanced,0.6,31,0.2462,-0.194,0.1631,0.2228,0.1631,0.1631,-1.1424
2024-10-29,중립,녹색 대기,73,31,ratePressure,0.9,0.6,32,normal,0,0,0,73.5,0.3706,중립,녹색 대기,73,27,balanced,0.6,45,0.4109,0.2228,-1.8484,-2.0203,-1.8484,-1.8484,-0.2466
2024-10-30,중립,중립,55,39,ratePressure,0.8,0.6,10,normal,0,0,0,73.5,0.1118,중립,녹색 대기,56,36,balanced,0.6,18,0.0755,-2.0203,-1.2431,-1.0203,-1.2431,-1.2431,3.0751
2024-10-31,중립,위험 경계,31,62,ratePressure,0.75,0.6,-25,normal,1,0,0,73.5,-0.1888,중립,중립,39,52,balanced,0.6,-10,-0.2766,-1.0203,0.2305,2.2877,0.2305,0.2305,5.8627
2024-11-01,하락,약한 빨간색,41,47,ratePressure,0.05,0.2,-12,normal,0,0,0,73.5,-0.0984,중립,중립,49,40,balanced,0.6,3,-0.1742,2.2877,1.702,-0.3488,1.702,1.702,5.9991
2024-11-04,중립,위험 경계,30,60,ratePressure,0.75,0.6,-23,normal,1,0,0,73.5,-0.224,중립,위험 경계,35,56,balanced,0.6,-14,-0.303,-0.3488,1.0719,1.4319,1.0719,1.0719,3.556
2024-11-05,중립,중립,46,50,ratePressure,0.8,0.6,-8,normal,0,0,0,73.5,0.0405,중립,중립,51,44,balanced,0.6,4,0.0346,1.4319,1.4431,1.5169,1.4431,1.4431,-0.9949
2024-11-06,중립,녹색 대기,70,33,ratePressure,0.9,0.6,23,normal,0,0,0,73.5,0.4841,중립,녹색 대기,70,30,balanced,0.6,34,0.535,1.5169,1.255,0.9137,1.255,1.255,-4.3234
2024-11-07,중립,녹색 대기,75,29,ratePressure,0.9,0.6,35,normal,0,0,0,73.5,0.6406,중립,녹색 대기,74,27,balanced,0.6,49,0.7471,0.9137,0.3459,-0.4292,0.3459,0.3459,-6.5703
2024-11-08,중립,녹색 대기,71,32,ratePressure,0.9,0.6,28,normal,0,0,0,73.5,0.583,중립,녹색 대기,72,29,balanced,0.6,41,0.6644,-0.4292,-0.7352,-2.4091,-0.7352,-0.7352,-6.8241
2024-11-11,중립,중립,58,41,ratePressure,0.8,0.6,8,normal,0,0,0,73.5,0.4812,중립,녹색 대기,66,33,balanced,0.6,31,0.5445,-2.4091,-3.2803,-3.0653,-3.2803,-3.2803,-6.5647
2024-11-12,중립,중립,56,42,ratePressure,0.8,0.6,3,normal,0,0,0,73.5,0.4063,중립,녹색 대기,65,34,balanced,0.6,27,0.4564,-3.0653,-1.9095,-0.4401,-1.9095,-1.9095,-2.1824
2024-11-13,중립,중립,48,46,ratePressure,0.8,0.6,-3,normal,1,0,0,73.5,0.3623,중립,녹색 대기,59,36,balanced,0.6,22,0.4169,-0.4401,-1.151,-0.2259,-1.151,-1.151,-1.4718
2024-11-14,중립,중립,48,49,ratePressure,0.8,0.6,-7,normal,1,0,0,73.5,0.2883,중립,녹색 대기,58,39,balanced,0.6,16,0.3328,-0.2259,0.1968,-0.5716,0.1968,0.1968,0.4492
2024-11-15,하락,약한 빨간색,38,52,ratePressure,0.05,0.2,-15,normal,1,0,0,73.5,0.1301,중립,중립,51,43,balanced,0.6,7,0.1313,-0.5716,-0.5725,0.5909,-0.5725,-0.5725,1.2289
2024-11-18,중립,위험 경계,42,49,ratePressure,0.75,0.6,-13,normal,1,0,0,73.5,0.2056,중립,녹색 대기,57,38,balanced,0.6,15,0.281,0.5909,1.3468,-0.1294,1.3468,1.3468,2.8721
2024-11-19,중립,위험 경계,42,51,ratePressure,0.75,0.6,-14,normal,1,0,0,73.5,0.2472,중립,중립,54,41,balanced,0.6,11,0.2901,-0.1294,-1.2027,-0.6495,-1.2027,-1.2027,0.8126
2024-11-20,하락,약한 빨간색,39,51,ratePressure,0.05,0.2,-17,normal,1,0,0,73.5,0.0944,중립,중립,52,41,balanced,0.6,8,0.1457,-0.6495,0.7404,1.0281,0.7404,0.7404,-0.0659
2024-11-21,중립,중립,49,45,ratePressure,0.8,0.6,-9,normal,1,0,0,73.5,0.2701,중립,녹색 대기,62,34,balanced,0.6,20,0.3847,1.0281,0.951,2.2247,0.951,0.951,-1.4168
2024-11-22,중립,중립,50,45,ratePressure,0.8,0.6,-8,normal,1,0,0,73.5,0.2649,중립,녹색 대기,62,35,balanced,0.6,19,0.3388,2.2247,1.0641,-0.7267,1.0641,1.0641,-2.7863
2024-11-25,중립,중립,58,38,balanced,0.8,0.6,5,normal,1,0,0,73.5,0.2734,중립,녹색 대기,69,31,balanced,0.6,29,0.327,-0.7267,-0.7073,-1.5058,-0.7073,-0.7073,-4.2819
2024-11-26,중립,중립,45,49,ratePressure,0.8,0.6,-11,normal,1,0,0,73.5,0.2284,중립,녹색 대기,61,37,balanced,0.6,18,0.2745,-1.5058,-2.0434,-1.5569,-2.0434,-2.0434,-2.8267
2024-11-27,중립,중립,52,41,balanced,0.8,0.6,-4,normal,1,0,0,73.5,0.2004,중립,녹색 대기,65,33,balanced,0.6,21,0.2649,-1.5569,-0.6284,-0.8042,-0.6284,-0.6284,1.4676
2024-11-28,중립,중립,52,42,balanced,0.8,0.6,-5,normal,1,0,0,73.5,0.1889,중립,녹색 대기,67,32,balanced,0.6,24,0.2744,-0.8042,-0.4535,-0.3919,-0.4535,-0.4535,2.0486
2024-11-29,중립,중립,58,39,balanced,0.8,0.6,3,normal,1,0,0,73.5,0.2307,중립,녹색 대기,69,31,balanced,0.6,30,0.3253,-0.3919,-0.5347,2.6595,-0.5347,-0.5347,0.6851
2024-12-02,중립,녹색 대기,66,36,balanced,1,0.6,13,normal,0,0,0,73.5,0.3907,중립,녹색 대기,72,29,balanced,0.6,40,0.511,2.6595,0.7845,0.1229,0.7845,0.7845,1.7449
2024-12-03,중립,중립,60,38,balanced,0.8,0.6,8,normal,1,0,0,73.5,0.3688,중립,녹색 대기,69,30,balanced,0.6,33,0.4795,0.1229,2.3588,1.4782,2.3588,2.3588,1.5059
2024-12-04,중립,중립,64,37,balanced,0.8,0.6,10,normal,0,0,0,73.5,0.3954,중립,녹색 대기,69,31,balanced,0.6,32,0.4919,1.4782,-0.0576,-1.2818,-0.0576,-0.0576,1.772
2024-12-05,중립,중립,56,40,balanced,0.8,0.6,6,normal,1,0,0,73.5,0.3555,중립,녹색 대기,64,33,balanced,0.6,27,0.4245,-1.2818,-1.7592,-0.7203,-1.7592,-1.7592,3.0375
2024-12-06,중립,중립,63,37,balanced,0.8,0.6,7,normal,0,0,0,73.5,0.3312,중립,녹색 대기,71,29,balanced,0.6,34,0.3908,-0.7203,0.5239,1.4221,0.5239,0.5239,5.7919
2024-12-09,중립,중립,51,42,balanced,0.8,0.6,4,normal,1,0,0,73.5,0.2434,중립,녹색 대기,61,34,balanced,0.6,24,0.2809,1.4221,0.5699,0.5729,0.5699,0.5699,6.5832
2024-12-10,중립,중립,51,45,balanced,0.8,0.6,3,normal,1,0,0,73.5,0.3697,중립,녹색 대기,63,35,balanced,0.6,26,0.4281,0.5729,2.6207,1.8425,2.6207,2.6207,5.7627
2024-12-11,중립,녹색 대기,67,34,balanced,1,0.6,21,normal,1,0,0,73.5,0.4936,중립,녹색 대기,71,29,balanced,0.6,42,0.5865,1.8425,1.1822,0.1688,1.1822,1.1822,-0.1237
2024-12-12,중립,녹색 대기,64,37,balanced,1,0.6,21,normal,1,0,0,73.5,0.5184,중립,녹색 대기,70,31,balanced,0.6,40,0.5836,0.1688,0.8026,1.3955,0.8026,0.8026,-1.2032
2024-12-13,중립,녹색 대기,68,36,balanced,1,0.6,23,normal,0,0,0,73.5,0.5713,중립,녹색 대기,70,31,balanced,0.6,40,0.6773,1.3955,1.2581,1.1437,1.2581,1.2581,-2.4474
2024-12-16,중립,녹색 대기,68,36,balanced,1,0.6,23,normal,0,0,0,73.5,0.3714,중립,녹색 대기,71,30,balanced,0.6,41,0.4454,1.1437,-0.1896,-0.3295,-0.1896,-0.1896,-1.4873
2024-12-17,중립,중립,55,42,balanced,0.8,0.6,6,normal,0,0,0,73.5,0.0895,중립,녹색 대기,58,38,balanced,0.6,15,0.0675,-0.3295,-3.0582,-2.7964,-3.0582,-3.0582,-1.066
2024-12-18,중립,위험 경계,23,74,stress,0.75,0.6,-46,normal,2,0,0,73.5,-0.3562,하락,약한 빨간색,24,73,stress,0.2,-47,-0.4452,-2.7964,0.0402,-1.9472,0.0402,0.0402,1.7858
2024-12-19,중립,위험 경계,28,63,ratePressure,0.75,0.6,-32,normal,1,0,0,73.5,-0.2134,중립,위험 경계,32,62,balanced,0.6,-31,-0.2776,-1.9472,-0.4532,2.9957,-0.4532,-0.4532,1.2854
2024-12-20,중립,중립,54,44,balanced,0.8,0.6,2,normal,1,0,0,73.5,0.0922,중립,중립,58,41,balanced,0.6,9,0.1397,2.9957,2.2616,0.0381,2.2616,2.2616,1.292
2024-12-23,중립,녹색 대기,67,35,balanced,1,0.6,23,normal,0,0,0,73.5,0.2299,중립,녹색 대기,67,34,balanced,0.6,27,0.2532,0.0381,0.2372,0.2682,0.2372,0.2372,0.2732
2024-12-24,중립,녹색 대기,71,32,balanced,1,0.6,32,normal,0,0,0,73.5,0.605,중립,녹색 대기,71,31,balanced,0.6,39,0.6905,0.2682,-0.2824,0.2802,-0.2824,-0.2824,3.3614
2024-12-26,중립,녹색 대기,69,33,balanced,1,0.6,28,normal,0,0,0,73.5,0.4592,중립,녹색 대기,66,33,balanced,0.6,28,0.5176,0.2802,-0.4654,-0.274,-0.4654,-0.4654,6.1213
2024-12-27,중립,녹색 대기,65,39,ratePressure,0.9,0.6,20,normal,0,0,0,73.5,0.4241,중립,녹색 대기,61,39,balanced,0.6,19,0.4529,-0.274,-0.4098,0.3515,-0.4098,-0.4098,4.3549
2024-12-30,중립,중립,49,44,balanced,0.8,0.6,8,normal,1,0,0,73.5,0.1186,중립,중립,44,48,balanced,0.6,-1,0.0786,0.3515,1.2438,1.7833,1.2438,1.2438,5.7339
2025-01-02,중립,녹색 대기,58,38,balanced,0.85,0.6,13,normal,1,0,0,73.5,0.1073,중립,중립,50,43,balanced,0.6,1,0.056,1.7833,3.3333,2.8042,3.3333,3.3333,5.78
2025-01-03,중립,녹색 대기,74,30,balanced,1,0.6,37,normal,0,0,0,73.5,0.3337,중립,녹색 대기,70,30,balanced,0.6,34,0.3301,2.8042,2.3427,0.1313,2.3427,2.3427,1.2975
2025-01-06,중립,녹색 대기,72,30,ratePressure,0.9,0.6,35,normal,0,0,0,73.5,0.3459,중립,녹색 대기,62,34,balanced,0.6,21,0.3126,0.1313,-2.0934,0.1321,-2.0934,-2.0934,-1.8641
2025-01-07,중립,녹색 대기,61,34,ratePressure,0.9,0.6,21,normal,0,0,0,73.5,0.0961,중립,중립,49,41,balanced,0.6,4,0.0055,0.1321,0.8818,0.7238,0.8818,0.8818,0.6869
2025-01-08,중립,녹색 대기,70,32,ratePressure,0.9,0.6,29,normal,0,0,0,73.5,0.2545,중립,녹색 대기,62,35,balanced,0.6,17,0.206,0.7238,1.2489,-0.3687,1.2489,1.2489,2.0992
2025-01-09,중립,녹색 대기,61,35,ratePressure,0.9,0.6,23,normal,0,0,0,73.5,0.1407,중립,중립,48,41,balanced,0.6,6,0.0615,-0.3687,-0.971,-1.6105,-0.971,-0.971,2.2442
2025-01-10,중립,중립,46,43,ratePressure,0.8,0.6,8,normal,1,0,0,73.5,-0.026,중립,중립,38,51,balanced,0.6,-10,-0.1444,-1.6105,-0.8976,0.4498,-0.8976,-0.8976,5.4954
2025-01-13,중립,중립,41,49,ratePressure,0.8,0.6,-2,normal,1,0,0,73.5,-0.0918,중립,중립,39,51,balanced,0.6,-8,-0.2109,0.4498,0.4472,0.8517,0.4472,0.4472,4.6106
2025-01-14,중립,중립,47,44,ratePressure,0.8,0.6,0,normal,1,0,0,73.5,-0.0509,중립,중립,46,46,balanced,0.6,-4,-0.1665,0.8517,2.2424,2.4617,2.2424,2.2424,5.0916
2025-01-15,중립,녹색 대기,62,36,ratePressure,0.9,0.6,18,normal,0,0,0,73.5,0.0971,중립,중립,58,38,balanced,0.6,9,0.0289,2.4617,1.3688,1.8268,1.3688,1.3688,4.9401
2025-01-16,중립,녹색 대기,67,34,ratePressure,0.9,0.6,23,normal,0,0,0,73.5,0.0857,중립,중립,60,36,balanced,0.6,11,0.004,1.8268,2.1623,-1.224,2.1623,2.1623,2.9451
2025-01-17,중립,녹색 대기,72,30,ratePressure,0.9,0.6,35,normal,0,0,0,73.5,0.1901,중립,녹색 대기,66,32,balanced,0.6,27,0.1301,-1.224,-1.6177,0.3019,-1.6177,-1.6177,-2.5048
2025-01-20,중립,녹색 대기,73,30,ratePressure,0.9,0.6,37,normal,0,0,0,73.5,0.2204,중립,녹색 대기,69,30,balanced,0.6,32,0.181,0.3019,0.9111,2.7325,0.9111,0.9111,-3.0288
2025-01-21,중립,녹색 대기,74,29,ratePressure,0.9,0.6,38,normal,0,0,0,73.5,0.2934,중립,녹색 대기,71,30,balanced,0.6,34,0.2702,2.7325,2.0965,-0.3451,2.0965,2.0965,-4.0293
2025-01-22,중립,녹색 대기,76,27,ratePressure,0.9,0.6,49,normal,0,0,0,73.5,0.4428,중립,녹색 대기,74,27,balanced,0.6,47,0.447,-0.3451,-0.5492,1.0469,-0.5492,-0.5492,-5.0308
2025-01-23,중립,녹색 대기,73,29,ratePressure,0.9,0.6,36,normal,0,0,0,73.5,0.3099,중립,녹색 대기,69,30,balanced,0.6,32,0.282,1.0469,-3.2314,-3.8719,-3.2314,-3.2314,-3.5184
2025-01-24,중립,녹색 대기,72,29,ratePressure,0.9,0.6,37,normal,0,0,0,73.5,0.3635,중립,녹색 대기,70,29,balanced,0.6,38,0.3429,-3.8719,-2.1714,-3.6223,-2.1714,-2.1714,0.9074
2025-01-31,중립,녹색 대기,73,29,trend,1,0.6,34,normal,1,0,0,73.5,0.4063,중립,녹색 대기,73,28,trend,0.6,39,0.4069,-3.6223,-0.162,1.9682,-0.162,-0.162,1.3942
2025-02-03,중립,중립,48,41,balanced,0.8,0.6,4,normal,1,0,0,73.5,-0.1285,중립,중립,54,37,balanced,0.6,12,-0.162,1.9682,1.0846,0.0621,1.0846,1.0846,2.841
2025-02-04,중립,녹색 대기,65,33,balanced,1,0.6,17,normal,1,0,0,73.5,0.0777,중립,녹색 대기,69,30,balanced,0.6,27,0.0451,0.0621,1.0812,2.248,1.0812,1.0812,1.1535
2025-02-05,중립,녹색 대기,67,34,trend,1,0.6,19,normal,1,0,0,73.5,0.18,중립,녹색 대기,71,30,trend,0.6,29,0.1408,2.248,1.2102,-0.6102,1.2102,1.2102,2.2938
2025-02-06,중립,녹색 대기,67,33,trend,1,0.6,21,normal,1,0,0,73.5,0.2599,중립,녹색 대기,71,29,trend,0.6,30,0.2097,-0.6102,-1.7017,-0.4401,-1.7017,-1.7017,2.5998
2025-02-07,중립,중립,56,40,trend,0.8,0.6,9,normal,1,0,0,73.5,-0.0026,중립,녹색 대기,59,36,trend,0.6,13,-0.1088,-0.4401,1.1167,0.8858,1.1167,1.1167,3.4205
2025-02-10,상승,약한 녹색,76,27,trend,1,1,44,normal,1,0,0,73.5,0.563,상승,강한 녹색,77,25,trend,1,55,0.5918,0.8858,-0.5415,1.0346,-0.5415,-0.5415,2.5525
2025-02-11,중립,녹색 대기,73,28,trend,1,0.6,39,normal,1,0,0,73.5,0.4317,중립,녹색 대기,74,26,trend,0.6,48,0.4326,1.0346,2.3223,1.4083,2.3223,2.3223,6.1371
2025-02-12,중립,녹색 대기,73,29,balanced,1,0.6,33,normal,1,0,0,73.5,0.4478,중립,녹색 대기,74,28,balanced,0.6,41,0.4703,1.4083,1.487,-0.383,1.487,1.487,3.9737
2025-02-13,중립,녹색 대기,74,27,balanced,1,0.6,41,normal,0,0,0,73.5,0.594,상승,강한 녹색,76,25,balanced,1,57,0.6297,-0.383,-0.8725,0.1209,-0.8725,-0.8725,0.6328
2025-02-14,중립,녹색 대기,68,31,balanced,1,0.6,24,normal,0,0,0,73.5,0.392,중립,녹색 대기,73,28,balanced,0.6,36,0.3883,0.1209,0.2664,2.1927,0.2664,0.2664,-0.5522
2025-02-17,중립,녹색 대기,67,31,balanced,1,0.6,24,normal,0,0,0,73.5,0.3271,중립,녹색 대기,72,29,balanced,0.6,34,0.3112,2.1927,2.8932,1.1913,2.8932,2.8932,-2.7778
2025-02-18,중립,녹색 대기,72,28,balanced,1,0.6,35,normal,0,0,0,73.5,0.5451,중립,녹색 대기,74,26,balanced,0.6,46,0.5915,1.1913,0.3338,-1.2334,0.3338,0.3338,-5.6599
2025-02-19,상승,강한 녹색,75,27,balanced,1,1,45,normal,0,0,0,73.5,0.6058,상승,강한 녹색,75,25,balanced,1,53,0.642,-1.2334,-1.8075,-0.5157,-1.8075,-1.8075,-4.3685
2025-02-20,상승,강한 녹색,75,27,balanced,1,1,49,normal,0,0,0,73.5,0.6749,상승,강한 녹색,75,25,balanced,1,58,0.7667,-0.5157,-2.0337,-2.44,-2.0337,-2.0337,-5.8784
2025-02-21,중립,녹색 대기,63,32,balanced,1,0.6,29,normal,0,0,0,73.5,0.1312,중립,녹색 대기,67,29,balanced,0.6,36,0.0935,-2.44,-1.9827,-1.2164,-1.9827,-1.9827,-6.644
2025-02-24,중립,중립,46,42,balanced,0.8,0.6,7,normal,1,0,0,73.5,0.0166,중립,녹색 대기,54,39,balanced,0.6,13,-0.0067,-1.2164,-0.34,-0.0663,-0.34,-0.34,-3.5248
2025-02-25,중립,중립,40,48,balanced,0.8,0.6,-6,normal,1,0,0,73.5,-0.274,중립,중립,48,42,balanced,0.6,0,-0.3639,-0.0663,1.7725,-0.0045,1.7725,1.7725,-1.9951
2025-02-26,중립,중립,55,40,balanced,0.8,0.6,8,normal,1,0,0,73.5,-0.0292,중립,녹색 대기,61,35,balanced,0.6,13,-0.0658,-0.0045,-3.3599,-3.971,-3.3599,-3.3599,-6.8347
2025-02-27,중립,위험 경계,33,58,balanced,0.75,0.6,-19,normal,1,0,0,73.5,-0.3895,중립,위험 경계,37,55,balanced,0.6,-23,-0.5292,-3.971,-2.8295,-0.0824,-2.8295,-2.8295,-4.4611
2025-02-28,중립,위험 경계,38,53,balanced,0.75,0.6,-15,normal,1,0,0,73.5,-0.327,중립,중립,47,47,balanced,0.6,-6,-0.3596,-0.0824,1.3115,1.142,1.3115,1.3115,-4.0628
2025-03-04,중립,위험 경계,31,62,balanced,0.75,0.6,-24,normal,2,0,0,73.5,-0.4894,중립,위험 경계,34,61,balanced,0.6,-26,-0.56,1.142,1.2474,-2.0754,1.2474,1.2474,-3.7998
2025-03-05,중립,중립,43,53,balanced,0.8,0.6,-12,normal,1,0,0,73.5,-0.2127,중립,중립,51,47,balanced,0.6,-7,-0.2332,-2.0754,-3.2489,-1.3842,-3.2489,-3.2489,-2.6161
2025-03-06,중립,위험 경계,27,68,balanced,0.75,0.6,-36,normal,2,0,0,73.5,-0.5549,중립,위험 경계,33,62,balanced,0.6,-26,-0.5908,-1.3842,-0.8667,0.118,-0.8667,-0.8667,0.8507
2025-03-07,중립,위험 경계,34,61,balanced,0.75,0.6,-29,normal,2,0,0,73.5,-0.4431,중립,위험 경계,44,53,balanced,0.6,-16,-0.4215,0.118,-2.4523,-1.6918,-2.4523,-2.4523,4.0918
2025-03-10,중립,위험 경계,25,71,stress,0.75,0.6,-48,normal,3,0,0,73.5,-0.554,중립,위험 경계,31,65,stress,0.6,-33,-0.5671,-1.6918,1.5993,1.2177,1.5993,1.5993,7.5945
2025-03-11,중립,위험 경계,24,72,balanced,0.75,0.6,-48,elevated,4,0,0,76.5,-0.478,중립,위험 경계,28,68,balanced,0.6,-35,-0.4871,1.3458,2.5438,1.3938,2.5438,2.5438,6.1873
2025-03-12,중립,위험 경계,40,53,balanced,0.75,0.6,-14,normal,3,0,0,76.5,-0.2283,중립,중립,46,50,balanced,0.6,-12,-0.2392,1.3938,0.331,1.8824,0.331,0.331,4.9938
2025-03-13,중립,위험 경계,37,57,balanced,0.75,0.6,-15,normal,3,0,0,76.5,-0.3844,중립,위험 경계,42,53,balanced,0.6,-14,-0.4395,1.8824,2.8084,1.7969,2.8084,2.8084,3.9567
2025-03-14,중립,중립,56,42,balanced,0.8,0.6,-1,normal,3,0,0,76.5,-0.1784,중립,중립,61,39,balanced,0.6,3,-0.1989,1.7969,0.8728,0.5813,0.8728,0.8728,1.088
2025-03-17,중립,중립,53,45,balanced,0.8,0.6,-4,normal,2,0,0,76.5,-0.2467,중립,중립,55,43,balanced,0.6,-6,-0.2957,0.5813,-0.4546,-0.3557,-0.4546,-0.4546,1.3871
2025-03-18,중립,위험 경계,42,53,balanced,0.75,0.6,-18,normal,2,0,0,76.5,-0.4243,중립,위험 경계,44,52,balanced,0.6,-20,-0.4937,-0.3557,1.4106,1.2342,1.4106,1.4106,1.282
2025-03-19,중립,중립,57,42,balanced,0.8,0.6,2,normal,2,0,0,76.5,-0.2452,중립,중립,61,38,balanced,0.6,6,-0.2812,1.2342,-0.6557,-0.9305,-0.6557,-0.6557,-2.5983
2025-03-20,중립,중립,53,44,balanced,0.8,0.6,-2,normal,2,0,0,76.5,-0.2788,중립,중립,56,42,balanced,0.6,-2,-0.337,-0.9305,-0.1202,-0.0987,-0.1202,-0.1202,-4.4781
2025-03-21,중립,중립,40,50,balanced,0.8,0.6,-11,normal,2,0,0,76.5,-0.3548,중립,중립,44,47,balanced,0.6,-11,-0.4209,-0.0987,1.194,0.0001,1.194,1.194,-6.7131
2025-03-24,중립,중립,61,40,trend,0.8,0.6,6,normal,2,0,0,76.5,-0.2001,중립,녹색 대기,66,36,trend,0.6,14,-0.2411,0.0001,-0.5483,0.5001,-0.5483,-0.5483,-8.5136
2025-03-25,중립,중립,47,48,balanced,0.8,0.6,-8,normal,2,0,0,85.3,-0.3102,중립,중립,52,45,balanced,0.6,-5,-0.3668,0.4588,-2.3186,-2.8022,-2.3186,-2.3186,-6.6368
2025-03-26,중립,위험 경계,38,54,balanced,0.75,0.6,-17,normal,2,0,0,85.3,-0.4861,중립,위험 경계,41,53,balanced,0.6,-19,-0.6121,-2.8022,-2.4029,-1.8982,-2.4029,-2.4029,-7.7124
2025-03-27,중립,위험 경계,35,54,balanced,0.75,0.6,-19,normal,2,0,0,85.3,-0.4845,중립,위험 경계,39,53,balanced,0.6,-20,-0.6141,-1.8982,-2.3869,-3.3272,-2.3869,-2.3869,-6.8903
2025-03-28,중립,위험 경계,31,59,balanced,0.75,0.6,-29,normal,3,0,0,85.3,-0.5816,중립,위험 경계,34,60,balanced,0.6,-32,-0.6858,-3.3272,-0.627,0.9931,-0.627,-0.627,-10.5974
2025-03-31,중립,위험 경계,29,62,balanced,0.75,0.6,-31,normal,3,0,0,85.3,-0.5377,중립,위험 경계,30,65,balanced,0.6,-37,-0.5971,0.9931,0.9725,-0.2874,0.9725,0.9725,-8.441
2025-04-01,중립,위험 경계,37,54,balanced,0.75,0.6,-23,normal,3,0,0,85.3,-0.4163,중립,위험 경계,43,54,balanced,0.6,-22,-0.4473,-0.2874,-3.4604,-1.5981,-3.4604,-3.4604,-10.1016
2025-04-02,중립,위험 경계,34,60,balanced,0.75,0.6,-27,normal,3,0,0,85.3,-0.4014,중립,위험 경계,39,60,balanced,0.6,-27,-0.4324,-1.5981,-1.4845,-2.6714,-1.4845,-1.4845,-0.841
2025-04-03,중립,위험 경계,22,74,stress,0.75,0.6,-49,elevated,4,1,0,85.3,-0.6008,중립,위험 경계,23,75,stress,0.6,-53,-0.687,-2.6714,-6.377,-8.2419,-6.377,-6.377,-1.5489
2025-04-04,중립,위험 경계,21,77,stress,0.75,0.6,-59,severe,4,1,0,85.3,-0.6885,중립,위험 경계,23,76,stress,0.6,-54,-0.7774,-8.2419,1.9972,3.8146,1.9972,1.9972,7.4236
2025-04-07,중립,위험 경계,21,78,stress,0.75,0.6,-66,severe,4,0,0,85.3,-0.6362,중립,위험 경계,23,76,stress,0.6,-57,-0.6815,3.8146,-0.7453,-2.597,-0.7453,-0.7453,4.8347
2025-04-08,중립,위험 경계,21,78,stress,0.75,0.6,-68,severe,4,1,0,85.3,-0.751,중립,위험 경계,22,77,stress,0.6,-62,-0.8464,-2.597,6.679,9.0477,6.679,6.679,6.784
2025-04-09,중립,위험 경계,22,77,stress,0.75,0.6,-64,severe,4,0,0,85.3,-0.33,중립,위험 경계,24,76,stress,0.6,-47,-0.2939,9.0477,-2.1532,-0.9109,-2.1532,-2.1532,-2.3723
2025-04-10,중립,위험 경계,22,77,stress,0.75,0.6,-52,severe,4,1,0,85.3,-0.5973,중립,위험 경계,23,76,stress,0.6,-51,-0.6678,-0.9109,1.9408,0.5553,1.9408,1.9408,1.4482
2025-04-11,중립,위험 경계,22,77,stress,0.75,0.6,-57,severe,4,0,0,85.3,-0.3052,중립,위험 경계,23,76,stress,0.6,-50,-0.3064,0.5553,-0.4576,0.9057,-0.4576,-0.4576,-0.4797
2025-04-14,중립,위험 경계,24,70,stress,0.75,0.6,-42,elevated,4,0,0,85.3,-0.3112,중립,위험 경계,27,69,stress,0.6,-37,-0.3067,0.9057,0.9354,-2.5331,0.9354,0.9354,-1.4804
2025-04-15,중립,위험 경계,23,73,stress,0.75,0.6,-44,elevated,4,0,0,85.3,-0.4318,중립,위험 경계,24,72,stress,0.6,-41,-0.468,-2.5331,-2.6805,1.3311,-2.6805,-2.6805,-1.0579
2025-04-16,중립,위험 경계,21,77,stress,0.75,0.6,-56,severe,4,0,0,85.3,-0.6633,중립,위험 경계,22,77,stress,0.6,-56,-0.7317,1.3311,1.7009,-0.1313,1.7009,1.7009,3.4876
2025-04-17,중립,위험 경계,25,67,stress,0.75,0.6,-42,normal,3,0,0,85.3,-0.3835,중립,위험 경계,28,65,stress,0.6,-37,-0.403,-0.1313,0.1153,-0.5354,0.1153,0.1153,3.9498
2025-04-18,중립,위험 경계,25,67,stress,0.75,0.6,-42,normal,3,0,0,85.3,-0.3808,중립,위험 경계,28,65,stress,0.6,-37,-0.403,-0.5354,-1.4438,-1.6669,-1.4438,-1.4438,4.3479
2025-04-21,중립,위험 경계,22,76,stress,0.75,0.6,-53,severe,4,0,0,85.3,-0.6902,중립,위험 경계,23,76,stress,0.6,-53,-0.763,-1.6669,1.3637,3.3061,1.3637,1.3637,6.0736
2025-04-22,중립,위험 경계,25,70,stress,0.75,0.6,-45,elevated,4,0,0,85.3,-0.2292,중립,위험 경계,32,64,stress,0.6,-25,-0.1773,3.3061,1.8039,0.2773,1.8039,1.8039,5.3531
2025-04-23,중립,위험 경계,25,70,stress,0.75,0.6,-40,elevated,4,0,0,85.3,-0.2038,중립,위험 경계,32,64,stress,0.6,-22,-0.1689,0.2773,2.0641,2.9786,2.0641,2.0641,3.3388
2025-04-24,중립,위험 경계,27,68,balanced,0.75,0.6,-37,elevated,4,0,0,85.3,-0.1925,중립,위험 경계,37,61,balanced,0.6,-16,-0.1412,2.9786,0.5449,-0.4941,0.5449,0.5449,1.0338
2025-04-25,중립,위험 경계,38,51,balanced,0.75,0.6,-15,normal,3,0,0,85.3,-0.2249,중립,중립,46,48,balanced,0.6,-6,-0.1941,-0.4941,0.1539,1.7656,0.1539,0.1539,2.0582
2025-04-28,중립,위험 경계,25,70,balanced,0.75,0.6,-45,elevated,4,0,0,85.3,-0.3395,중립,위험 경계,30,65,balanced,0.6,-29,-0.3342,1.7656,0.6968,-1.5948,0.6968,0.6968,2.8326
2025-04-29,중립,위험 경계,34,58,balanced,0.75,0.6,-24,normal,3,0,0,85.3,-0.3126,중립,위험 경계,40,56,balanced,0.6,-19,-0.3332,-1.5948,-0.1507,0.7743,-0.1507,-0.1507,3.0962
2025-04-30,중립,위험 경계,35,57,balanced,0.75,0.6,-25,normal,3,0,0,85.3,-0.314,중립,중립,45,51,balanced,0.6,-10,-0.3257,0.7743,-0.2538,1.2674,-0.2538,-0.2538,6.6923
2025-05-02,중립,위험 경계,41,50,balanced,0.75,0.6,-23,normal,3,0,0,85.3,-0.2677,중립,중립,55,40,balanced,0.6,3,-0.2566,1.2674,1.6103,0.5801,1.6103,1.6103,8.84
2025-05-07,중립,중립,61,36,balanced,0.8,0.6,8,normal,3,0,0,85.3,0.1185,중립,녹색 대기,65,31,balanced,0.6,27,0.2073,0.5801,0.9234,0.5688,0.9234,0.9234,8.0048
2025-05-08,중립,중립,65,35,balanced,0.8,0.6,11,normal,3,0,0,85.3,0.2415,중립,녹색 대기,67,30,balanced,0.6,30,0.3391,0.5688,0.9293,2.8561,0.9293,0.9293,6.0591
2025-05-09,중립,녹색 대기,69,33,ratePressure,0.9,0.6,21,normal,3,0,0,85.3,0.328,중립,녹색 대기,70,29,balanced,0.6,38,0.4253,2.8561,3.3188,1.3488,3.3188,3.3188,4.6966
2025-05-12,중립,녹색 대기,77,27,ratePressure,0.9,0.6,48,normal,1,0,0,85.3,0.6935,상승,강한 녹색,77,24,trend,1,67,0.817,1.3488,1.7345,2.7539,1.7345,1.7345,1.7002
2025-05-13,중립,녹색 대기,77,27,ratePressure,0.9,0.6,45,normal,0,0,0,85.3,0.7,상승,강한 녹색,77,25,balanced,1,64,0.8386,2.7539,0.8298,-1.1945,0.8298,0.8298,0.4611
2025-05-14,중립,녹색 대기,75,28,ratePressure,0.9,0.6,41,normal,0,0,0,85.3,0.6822,상승,강한 녹색,75,26,balanced,1,51,0.7991,-1.1945,-0.8666,0.3639,-0.8666,-0.8666,-2.1874
2025-05-15,중립,녹색 대기,76,28,ratePressure,0.9,0.6,42,normal,1,0,0,85.3,0.6789,상승,강한 녹색,77,25,balanced,1,60,0.8161,0.3639,-0.3417,-1.1583,-0.3417,-0.3417,-0.3342
2025-05-16,상승,약한 녹색,76,27,balanced,1,1,42,normal,1,0,0,85.3,0.683,상승,강한 녹색,77,25,balanced,1,55,0.8079,-1.1583,0.3441,1.1468,0.3441,0.3441,-0.2816
2025-05-19,상승,강한 녹색,77,26,trend,1,1,49,normal,1,0,0,85.3,0.7183,상승,강한 녹색,77,24,trend,1,63,0.7879,1.1468,0.4606,0.088,0.4606,0.4606,-0.3211
2025-05-20,상승,강한 녹색,77,26,trend,1,1,48,normal,1,0,0,85.3,0.7111,상승,강한 녹색,78,24,trend,1,63,0.8121,0.088,-1.8007,-1.2545,-1.8007,-1.8007,0.634
2025-05-21,상승,약한 녹색,74,29,trend,1,1,40,normal,2,0,0,85.3,0.6362,상승,강한 녹색,75,26,trend,1,53,0.7062,-1.2545,0.9655,0.4394,0.9655,0.9655,3.6903
2025-05-22,중립,녹색 대기,76,28,trend,1,0.6,38,normal,2,0,0,85.3,0.6684,상승,강한 녹색,77,25,trend,1,55,0.8032,0.4394,-0.2732,0.6864,-0.2732,-0.2732,1.9922
2025-05-23,중립,녹색 대기,70,33,trend,1,0.6,32,normal,2,0,0,85.3,0.488,중립,녹색 대기,72,28,trend,0.6,47,0.5786,0.6864,0.344,0.0999,0.344,0.344,1.2973
2025-05-26,중립,녹색 대기,75,28,trend,1,0.6,37,normal,2,0,0,85.3,0.626,상승,강한 녹색,76,26,trend,1,53,0.7523,0.0999,1.4627,1.2887,1.4627,1.4627,3.3376
2025-05-27,상승,강한 녹색,78,26,balanced,1,1,52,normal,1,0,0,85.3,0.7526,상승,강한 녹색,78,23,balanced,1,76,0.9132,1.2887,1.1792,1.6222,1.1792,1.1792,2.8537
2025-05-28,상승,약한 녹색,76,27,balanced,1,1,44,normal,1,0,0,85.3,0.7086,상승,강한 녹색,76,25,balanced,1,59,0.8292,1.6222,-0.6956,-1.915,-0.6956,-0.6956,3.5107
2025-05-29,상승,강한 녹색,77,26,balanced,1,1,49,normal,1,0,0,85.3,0.7237,상승,강한 녹색,77,24,balanced,1,63,0.8187,-1.915,-0.9796,-0.5036,-0.9796,-0.9796,5.6766
2025-05-30,상승,약한 녹색,75,27,balanced,1,1,44,normal,1,0,0,85.3,0.7262,상승,강한 녹색,76,25,balanced,1,60,0.8497,-0.5036,2.3775,3.2191,2.3775,2.3775,7.5105
2025-06-02,상승,강한 녹색,76,26,balanced,1,1,48,normal,1,0,0,85.3,0.7925,상승,강한 녹색,76,24,balanced,1,62,0.9185,3.2191,0.9978,1.1659,0.9978,0.9978,6.3507
2025-06-04,상승,강한 녹색,78,25,balanced,1,1,54,normal,0,0,0,85.3,0.7672,상승,강한 녹색,77,24,balanced,1,64,0.8301,1.1659,1.7904,1.125,1.7904,1.7904,4.7262
2025-06-05,상승,강한 녹색,77,26,balanced,1,1,50,normal,0,0,0,85.3,0.7258,상승,강한 녹색,77,24,balanced,1,62,0.7968,1.125,1.3894,1.2675,1.3894,1.3894,1.217
2025-06-09,중립,녹색 대기,77,27,ratePressure,0.9,0.6,48,normal,0,0,0,85.3,0.7255,상승,강한 녹색,76,25,balanced,1,58,0.8022,1.2675,0.7439,1.3411,0.7439,0.7439,3.4458
2025-06-10,중립,녹색 대기,77,27,ratePressure,0.9,0.6,49,normal,0,0,0,85.3,0.7539,상승,강한 녹색,75,25,balanced,1,58,0.8597,1.3411,1.2887,-0.3073,1.2887,1.2887,2.2249
2025-06-11,상승,강한 녹색,76,27,balanced,1,1,49,normal,0,0,0,85.3,0.6202,상승,강한 녹색,74,26,balanced,1,55,0.6687,-0.3073,-0.5434,-1.0249,-0.5434,-0.5434,2.3757
2025-06-12,상승,강한 녹색,77,26,balanced,1,1,51,normal,0,0,0,85.3,0.7355,상승,강한 녹색,77,24,balanced,1,64,0.8298,-1.0249,-1.6004,2.1151,-1.6004,-1.6004,3.8173
2025-06-13,중립,녹색 대기,72,31,balanced,1,0.6,39,normal,0,0,0,85.3,0.4856,중립,녹색 대기,71,29,balanced,0.6,43,0.5103,2.1151,3.6246,1.0262,3.6246,3.6246,3.6064
2025-06-16,상승,강한 녹색,78,26,balanced,1,1,54,normal,0,0,0,85.3,0.7295,상승,강한 녹색,77,24,balanced,1,67,0.8065,1.0262,-0.4259,0.7475,-0.4259,-0.4259,3.2896
2025-06-17,중립,녹색 대기,71,30,balanced,1,0.6,40,normal,0,0,0,85.3,0.4422,중립,녹색 대기,68,29,balanced,0.6,40,0.4507,0.7475,1.4247,0.7286,1.4247,1.4247,5.2344
2025-06-18,상승,약한 녹색,76,27,balanced,1,1,44,normal,0,0,0,85.3,0.4664,중립,녹색 대기,74,26,balanced,0.6,47,0.4862,0.7286,0.8215,0.1314,0.8215,0.8215,4.5236
2025-06-19,중립,녹색 대기,69,33,balanced,1,0.6,37,normal,0,0,0,85.3,0.2924,중립,녹색 대기,65,32,balanced,0.6,35,0.273,0.1314,-1.7473,-0.0582,-1.7473,-1.7473,3.2439
2025-06-20,상승,약한 녹색,75,28,balanced,1,1,42,normal,0,0,0,85.3,0.3316,중립,녹색 대기,73,27,balanced,0.6,43,0.3104,-0.0582,3.2751,2.6958,3.2751,3.2751,5.1256
2025-06-23,상승,강한 녹색,77,26,balanced,1,1,49,normal,0,0,0,85.3,0.3541,상승,강한 녹색,76,25,balanced,1,58,0.353,2.6958,1.4744,1.2255,1.4744,1.4744,3.0547
2025-06-24,상승,강한 녹색,78,24,balanced,1,1,61,normal,0,0,0,85.3,0.6217,상승,강한 녹색,78,23,balanced,1,70,0.673,1.2255,0.7337,-0.4614,0.7337,0.7337,0.3347
2025-06-25,상승,강한 녹색,77,25,balanced,1,1,53,normal,0,0,0,85.3,0.6622,상승,강한 녹색,76,25,balanced,1,57,0.7071,-0.4614,-0.407,-0.0056,-0.407,-0.407,0.0148
2025-06-26,상승,강한 녹색,78,25,balanced,1,1,58,normal,0,0,0,85.3,0.6725,상승,강한 녹색,77,24,balanced,1,62,0.7144,-0.0056,0.0454,0.9877,0.0454,0.0454,1.1859
2025-06-27,상승,강한 녹색,77,26,balanced,1,1,53,normal,0,0,0,85.3,0.7219,상승,강한 녹색,76,25,balanced,1,58,0.7561,0.9877,1.2088,0.1108,1.2088,1.2088,-1.4833
2025-06-30,상승,강한 녹색,78,25,balanced,1,1,56,normal,0,0,0,85.3,0.7353,상승,강한 녹색,77,24,balanced,1,66,0.7916,0.1108,-1.1916,-1.1983,-1.1916,-1.1916,-2
2025-07-01,상승,강한 녹색,75,28,balanced,1,1,50,normal,0,0,0,85.3,0.5955,상승,강한 녹색,74,26,balanced,1,57,0.6303,-1.1983,0.3845,0.6388,0.3845,0.3845,0.7357
2025-07-02,상승,강한 녹색,77,26,balanced,1,1,54,normal,0,0,0,85.3,0.7704,상승,강한 녹색,77,24,balanced,1,62,0.8339,0.6388,0.8024,-1.2225,0.8024,0.8024,0.7068
2025-07-03,상승,강한 녹색,78,26,balanced,1,1,55,normal,0,0,0,85.3,0.7372,상승,강한 녹색,77,24,balanced,1,63,0.8154,-1.2225,-2.6519,0.232,-2.6519,-2.6519,0.4684
2025-07-04,상승,강한 녹색,77,27,balanced,1,1,48,normal,0,0,0,85.3,0.6933,상승,강한 녹색,76,25,balanced,1,52,0.7593,0.232,0.6772,1.1129,0.6772,0.6772,2.8163
2025-07-07,중립,녹색 대기,74,30,balanced,1,0.6,40,normal,0,0,0,85.3,0.5165,중립,녹색 대기,71,29,balanced,0.6,40,0.5328,1.1129,1.6508,0.2357,1.6508,1.6508,2.4167
2025-07-08,상승,강한 녹색,77,27,balanced,1,1,48,normal,0,0,0,85.3,0.6843,상승,강한 녹색,76,25,balanced,1,52,0.7373,0.2357,0.3658,0.8614,0.3658,0.3658,2.1783
2025-07-09,상승,강한 녹색,77,27,balanced,1,1,47,normal,0,0,0,85.3,0.686,상승,강한 녹색,76,25,balanced,1,54,0.7554,0.8614,0.5272,0.2109,0.5272,0.5272,2.428
2025-07-10,상승,강한 녹색,77,27,balanced,1,1,48,normal,0,0,0,85.3,0.6825,상승,강한 녹색,76,25,balanced,1,54,0.7318,0.2109,-0.4012,-0.0434,-0.4012,-0.4012,1.5499
2025-07-11,상승,강한 녹색,76,28,trend,1,1,47,normal,0,0,0,85.3,0.4961,중립,녹색 대기,73,27,trend,0.6,46,0.4888,-0.0434,0.2883,1.4024,0.2883,0.2883,2.4091
2025-07-14,상승,강한 녹색,77,27,balanced,1,1,45,normal,0,0,0,85.3,0.604,중립,녹색 대기,76,26,balanced,0.6,48,0.6411,1.4024,1.4161,0.2574,1.4161,1.4161,1.5765
2025-07-15,상승,강한 녹색,77,27,balanced,1,1,45,normal,0,0,0,85.3,0.5661,중립,녹색 대기,75,27,balanced,0.6,47,0.5922,0.2574,0.6135,-0.2309,0.6135,0.6135,-1.1377
2025-07-16,상승,약한 녹색,76,28,balanced,1,1,42,normal,0,0,0,85.3,0.5943,중립,녹색 대기,74,27,balanced,0.6,44,0.6155,-0.2309,-0.3409,0.5345,-0.3409,-0.3409,-0.7002
2025-07-17,상승,약한 녹색,76,28,balanced,1,1,42,normal,0,0,0,85.3,0.5877,중립,녹색 대기,75,26,balanced,0.6,46,0.6251,0.5345,0.4707,0.1938,0.4707,0.4707,-0.725
2025-07-18,상승,약한 녹색,77,27,balanced,1,1,43,normal,0,0,0,85.3,0.6004,중립,녹색 대기,76,26,balanced,0.6,48,0.6411,0.1938,-0.482,-1.6469,-0.482,-0.482,-0.0231
2025-07-21,상승,강한 녹색,77,27,balanced,1,1,45,normal,0,0,0,85.3,0.6726,중립,녹색 대기,76,26,balanced,0.6,49,0.7142,-1.6469,-1.2877,-0.2607,-1.2877,-1.2877,1.1045
2025-07-22,중립,녹색 대기,76,28,balanced,1,0.6,40,normal,0,0,0,85.3,0.6818,중립,녹색 대기,75,26,balanced,0.6,46,0.7251,-0.2607,1.0647,0.5269,1.0647,1.0647,3.2308
2025-07-23,상승,강한 녹색,77,27,balanced,1,1,45,normal,0,0,0,85.3,0.7485,상승,강한 녹색,77,25,balanced,1,57,0.8193,0.5269,-0.3817,0.1135,-0.3817,-0.3817,3.1362
2025-07-24,상승,강한 녹색,78,26,balanced,1,1,50,normal,0,0,0,85.3,0.7502,상승,강한 녹색,78,24,balanced,1,62,0.8277,0.1135,1.0653,2.043,1.0653,1.0653,2.0282
2025-07-25,상승,강한 녹색,76,27,balanced,1,1,46,normal,0,0,0,85.3,0.7195,상승,강한 녹색,76,25,balanced,1,57,0.7898,2.043,0.6678,0.7701,0.6678,0.6678,-1.7655
2025-07-28,상승,강한 녹색,76,27,balanced,1,1,47,normal,0,0,0,85.3,0.7239,상승,강한 녹색,75,26,balanced,1,55,0.8012,0.7701,0.7668,-0.0622,0.7668,0.7668,0.0242
2025-07-29,상승,약한 녹색,76,28,balanced,1,1,44,normal,0,0,0,85.3,0.6732,중립,녹색 대기,74,27,balanced,0.6,48,0.7145,-0.0622,1.006,0.7648,1.006,1.006,-0.8171
2025-07-30,상승,강한 녹색,77,27,balanced,1,1,46,normal,0,0,0,85.3,0.7151,상승,강한 녹색,77,25,balanced,1,56,0.7809,0.7648,-1.4411,-3.1874,-1.4411,-1.4411,-0.9713
2025-07-31,중립,녹색 대기,75,28,balanced,1,0.6,41,normal,0,0,0,85.3,0.5553,중립,녹색 대기,74,26,balanced,0.6,47,0.5877,-3.1874,-2.6786,0.4166,-2.6786,-2.6786,0.6405
2025-08-01,중립,녹색 대기,61,35,balanced,1,0.6,20,normal,0,0,0,85.3,0.0492,중립,녹색 대기,57,34,balanced,0.6,18,-0.0277,0.4166,2.5153,2.153,2.5153,2.5153,3.4717
2025-08-04,상승,약한 녹색,76,27,balanced,1,1,42,normal,0,0,0,85.3,0.469,상승,강한 녹색,75,26,balanced,1,50,0.4858,2.153,-0.0795,-0.4172,-0.0795,-0.0795,1.1316
2025-08-05,중립,녹색 대기,70,31,balanced,1,0.6,28,normal,0,0,0,85.3,0.2668,중립,녹색 대기,71,28,balanced,0.6,35,0.231,-0.4172,0.8175,0.165,0.8175,0.8175,2.9174
2025-08-06,중립,녹색 대기,73,30,balanced,1,0.6,34,normal,0,0,0,85.3,0.4426,중립,녹색 대기,74,28,balanced,0.6,44,0.4533,0.165,0.1662,0.0875,0.1662,0.1662,1.4108
2025-08-07,중립,녹색 대기,75,29,balanced,1,0.6,39,normal,0,0,0,85.3,0.5116,중립,녹색 대기,74,27,balanced,0.6,46,0.5465,0.0875,0.0469,0.7379,0.0469,0.0469,0.1566
2025-08-08,상승,약한 녹색,76,27,balanced,1,1,44,normal,0,0,0,85.3,0.5943,상승,강한 녹색,75,26,balanced,1,51,0.6332,0.7379,0.1968,-0.3846,0.1968,0.1968,-0.8484
2025-08-11,중립,녹색 대기,75,30,balanced,1,0.6,40,normal,0,0,0,85.3,0.5112,중립,녹색 대기,74,28,balanced,0.6,47,0.5211,-0.3846,1.6531,1.4194,1.6531,1.6531,-3.4173
2025-08-12,상승,강한 녹색,77,26,balanced,1,1,51,normal,0,0,0,85.3,0.7298,상승,강한 녹색,77,25,balanced,1,61,0.7824,1.4194,-0.6389,-0.3735,-0.6389,-0.6389,-4.746
2025-08-13,상승,강한 녹색,78,25,balanced,1,1,54,normal,0,0,0,85.3,0.7217,상승,강한 녹색,76,25,balanced,1,59,0.7614,-0.3735,-1.0774,-2.1797,-1.0774,-1.0774,-4.0001
2025-08-14,상승,강한 녹색,75,27,balanced,1,1,47,normal,0,0,0,85.3,0.5852,상승,강한 녹색,72,27,balanced,1,51,0.6145,-2.1797,-0.9391,-0.4986,-0.9391,-0.9391,-1.2369
2025-08-18,중립,녹색 대기,75,29,balanced,1,0.6,39,normal,0,0,0,85.3,0.4732,중립,녹색 대기,73,28,balanced,0.6,43,0.4783,-0.4986,-2.4541,-1.8531,-2.4541,-2.4541,-0.1072
2025-08-19,중립,녹색 대기,64,33,balanced,1,0.6,24,normal,0,0,0,85.3,0.2356,중립,녹색 대기,64,32,balanced,0.6,29,0.1959,-1.8531,0.2863,0.1827,0.2863,0.2863,3.4015
2025-08-20,중립,녹색 대기,62,36,balanced,1,0.6,18,normal,0,0,0,85.3,0.2849,중립,녹색 대기,61,34,balanced,0.6,25,0.3119,0.1827,0.1638,0.6754,0.1638,0.1638,2.0812
2025-08-21,중립,녹색 대기,62,36,balanced,1,0.6,13,normal,0,0,0,85.3,0.1876,중립,녹색 대기,64,32,balanced,0.6,23,0.1785,0.6754,1.7826,1.8405,1.7826,1.7826,3.4783
2025-08-22,상승,약한 녹색,76,27,balanced,1,1,44,normal,0,0,0,85.3,0.5715,상승,강한 녹색,76,25,balanced,1,57,0.6421,1.8405,0.1965,-0.1193,0.1965,0.1965,0.2892
2025-08-25,중립,녹색 대기,73,29,balanced,1,0.6,34,normal,0,0,0,85.3,0.4216,중립,녹색 대기,72,27,balanced,0.6,43,0.433,-0.1193,0.8992,0.5369,0.8992,0.8992,-0.3229
2025-08-26,중립,녹색 대기,75,28,balanced,1,0.6,38,normal,0,0,0,85.3,0.4808,중립,녹색 대기,74,26,balanced,0.6,46,0.511,0.5369,-0.9476,-0.1209,-0.9476,-0.9476,-1.0542
2025-08-27,중립,녹색 대기,75,28,balanced,1,0.6,39,normal,0,0,0,85.3,0.4691,중립,녹색 대기,73,26,balanced,0.6,46,0.4913,-0.1209,1.5399,0.515,1.5399,1.5399,0.4692
2025-08-28,중립,녹색 대기,75,28,balanced,1,0.6,38,normal,0,0,0,85.3,0.4639,중립,녹색 대기,74,26,balanced,0.6,47,0.4942,0.515,-1.3632,-1.9404,-1.3632,-1.3632,-0.7
2025-08-29,중립,녹색 대기,65,33,balanced,1,0.6,25,normal,0,0,0,85.3,0.2291,중립,녹색 대기,63,32,balanced,0.6,29,0.1827,-1.9404,-0.414,0.4887,-0.414,-0.414,1.3731
2025-09-01,중립,중립,59,38,balanced,0.8,0.6,12,normal,0,0,0,85.3,0.0441,중립,녹색 대기,56,37,balanced,0.6,15,0.0025,0.4887,0.1541,0.5258,0.1541,0.1541,2.3874
2025-09-02,중립,녹색 대기,62,35,balanced,1,0.6,21,normal,0,0,0,85.3,-0.0082,중립,녹색 대기,57,36,balanced,0.6,20,-0.0781,0.5258,0.5787,-0.0067,0.5787,0.5787,3.7594
2025-09-03,중립,녹색 대기,69,33,balanced,1,0.6,26,normal,0,0,0,85.3,0.2383,중립,녹색 대기,69,31,balanced,0.6,32,0.2231,-0.0067,0.3626,1.3776,0.3626,0.3626,6.4561
2025-09-04,중립,녹색 대기,70,32,balanced,1,0.6,26,normal,0,0,0,85.3,0.2794,중립,녹색 대기,71,29,balanced,0.6,38,0.29,1.3776,0.6984,0.2153,0.6984,0.6984,7.4228
2025-09-05,중립,녹색 대기,72,30,balanced,1,0.6,34,normal,0,0,0,85.3,0.3623,중립,녹색 대기,70,30,balanced,0.6,38,0.3617,0.2153,0.5689,1.2852,0.5689,0.5689,11.7346
2025-09-08,중립,녹색 대기,71,31,balanced,1,0.6,30,normal,0,0,0,85.3,0.3884,중립,녹색 대기,70,29,balanced,0.6,36,0.3867,1.2852,1.4968,2.941,1.4968,1.4968,8.8458
2025-09-09,상승,약한 녹색,75,27,balanced,1,1,42,normal,0,0,0,85.3,0.5339,중립,녹색 대기,74,26,balanced,0.6,49,0.5699,2.941,3.2042,1.2964,3.2042,3.2042,6.9148
2025-09-10,상승,강한 녹색,78,26,balanced,1,1,53,normal,0,0,0,85.3,0.6901,상승,강한 녹색,76,25,balanced,1,59,0.7469,1.2964,1.2602,1.7788,1.2602,1.2602,4.3367
2025-09-11,상승,강한 녹색,78,25,balanced,1,1,58,normal,0,0,0,85.3,0.741,상승,강한 녹색,77,24,balanced,1,65,0.8013,1.7788,4.6628,0.7832,4.6628,4.6628,5.5007
2025-09-12,상승,강한 녹색,77,26,balanced,1,1,53,normal,0,0,0,85.3,0.6772,상승,강한 녹색,76,24,balanced,1,60,0.7196,0.7832,-1.3082,1.1674,-1.3082,-1.3082,2.5095
2025-09-15,상승,강한 녹색,78,26,balanced,1,1,55,normal,0,0,0,85.3,0.6139,상승,강한 녹색,77,24,balanced,1,61,0.6357,1.1674,-0.2903,-0.7543,-0.2903,-0.2903,4.4734
2025-09-16,상승,강한 녹색,78,25,balanced,1,1,56,normal,0,0,0,85.3,0.517,상승,강한 녹색,76,24,balanced,1,60,0.5195,-0.7543,0.6663,1.8994,0.6663,0.6663,4.5539
2025-09-17,상승,강한 녹색,77,26,balanced,1,1,51,normal,0,0,0,85.3,0.5168,상승,강한 녹색,76,25,balanced,1,53,0.5169,1.8994,2.35,0.9977,2.35,2.35,2.874
2025-09-18,상승,강한 녹색,79,25,trend,1,1,59,normal,0,0,0,85.3,0.5547,상승,강한 녹색,78,24,trend,1,65,0.5755,0.9977,1.1849,1.1242,1.1849,1.1849,-0.7456
2025-09-19,상승,강한 녹색,77,26,balanced,1,1,52,normal,0,0,0,85.3,0.4961,상승,강한 녹색,75,25,balanced,1,52,0.4865,1.1242,0.4652,0.4988,0.4652,0.4652,-2.3783
2025-09-22,상승,강한 녹색,78,25,balanced,1,1,61,normal,0,0,0,85.3,0.5551,상승,강한 녹색,77,24,balanced,1,64,0.555,0.4988,-0.1918,-0.3066,-0.1918,-0.1918,-2.168
2025-09-23,상승,강한 녹색,76,26,balanced,1,1,49,normal,0,0,0,85.3,0.3546,중립,녹색 대기,73,27,balanced,0.6,45,0.3112,-0.3066,-0.9585,-0.8715,-0.9585,-0.9585,-1.2461
2025-09-24,상승,강한 녹색,77,26,balanced,1,1,50,normal,0,0,0,85.3,0.5018,상승,강한 녹색,74,26,balanced,1,50,0.4974,-0.8715,-1.2072,-1.5552,-1.2072,-1.2072,2.3901
2025-09-25,상승,강한 녹색,76,27,balanced,1,1,47,normal,0,0,0,85.3,0.4374,중립,녹색 대기,73,26,balanced,0.6,47,0.4182,-1.5552,-0.4769,0.8302,-0.4769,-0.4769,11.6019
2025-09-26,상승,강한 녹색,77,27,balanced,1,1,48,normal,0,0,0,85.3,0.5723,상승,강한 녹색,75,26,balanced,1,51,0.5975,0.8302,0.6856,0.2793,0.6856,0.6856,7.5188
2025-09-29,상승,강한 녹색,78,26,balanced,1,1,55,normal,0,0,0,85.3,0.6474,상승,강한 녹색,77,24,balanced,1,60,0.671,0.2793,0.7607,0.8015,0.7607,0.7607,10.6803
2025-09-30,상승,강한 녹색,77,27,balanced,1,1,48,normal,0,0,0,85.3,0.434,중립,녹색 대기,75,26,balanced,0.6,49,0.4109,0.8015,2.6895,3.3358,2.6895,2.6895,8.6491
2025-10-01,상승,강한 녹색,77,26,balanced,1,1,52,normal,0,0,0,85.3,0.4363,상승,강한 녹색,75,26,balanced,1,51,0.4164,3.3358,7.398,5.1824,7.398,7.398,7.9851
2025-10-02,상승,강한 녹색,78,26,balanced,1,1,53,normal,0,0,0,85.3,0.4737,상승,강한 녹색,76,25,balanced,1,55,0.4785,5.1824,-3.3962,-1.016,-3.3962,-3.3962,1.2668
2025-10-10,중립,녹색 대기,72,30,balanced,1,0.6,37,normal,0,0,0,85.3,0.2175,중립,녹색 대기,64,32,balanced,0.6,21,0.1405,-1.016,3.6023,0.1872,3.6023,3.6023,6.05
2025-10-13,상승,강한 녹색,78,26,balanced,1,1,53,normal,0,0,0,85.3,0.5054,중립,녹색 대기,75,27,balanced,0.6,44,0.4969,0.1872,-1.0673,2.0872,-1.0673,-1.0673,4.2682
2025-10-14,중립,녹색 대기,74,28,balanced,1,0.6,39,normal,0,0,0,85.3,0.3291,중립,녹색 대기,68,31,balanced,0.6,25,0.2714,2.0872,2.076,1.634,2.076,2.076,3.954
2025-10-15,상승,강한 녹색,77,27,balanced,1,1,46,normal,0,0,0,85.3,0.4262,중립,녹색 대기,73,29,balanced,0.6,32,0.387,1.634,0.2272,-0.8226,0.2272,0.2272,0.9813
2025-10-16,중립,녹색 대기,72,34,balanced,1,0.6,33,normal,1,0,0,85.3,0.3021,중립,녹색 대기,64,37,balanced,0.6,13,0.2469,-0.8226,1.1807,2.1472,1.1807,1.1807,4.9401
2025-10-17,중립,녹색 대기,75,28,balanced,1,0.6,39,normal,0,0,0,85.3,0.403,중립,녹색 대기,68,31,balanced,0.6,23,0.3711,2.1472,1.7897,-0.1554,1.7897,1.7897,6.345
2025-10-20,상승,강한 녹색,79,25,trend,1,1,59,normal,0,0,0,85.3,0.5622,상승,강한 녹색,77,26,trend,1,51,0.5501,-0.1554,-1.4175,-0.1282,-1.4175,-1.4175,5.674
2025-10-21,상승,약한 녹색,76,27,trend,1,1,44,normal,0,0,0,85.3,0.3364,중립,녹색 대기,71,29,trend,0.6,33,0.2944,-0.1282,-0.8538,1.2275,-0.8538,-0.8538,7.3837
2025-10-22,상승,약한 녹색,75,28,trend,1,1,41,normal,0,0,0,85.3,0.277,중립,녹색 대기,69,31,trend,0.6,28,0.1981,1.2275,4.2275,2.5502,4.2275,4.2275,10.0626
2025-10-23,상승,강한 녹색,78,26,trend,1,1,51,normal,0,0,0,85.3,0.469,중립,녹색 대기,74,27,trend,0.6,41,0.4313,2.5502,2.5072,2.1681,2.5072,2.5072,6.6686
2025-10-24,상승,강한 녹색,79,24,trend,1,1,60,normal,0,0,0,85.3,0.5852,상승,강한 녹색,77,25,trend,1,52,0.5735,2.1681,1.1755,0.0895,1.1755,1.1755,5.4264
2025-10-27,상승,강한 녹색,79,24,balanced,1,1,64,normal,0,0,0,85.3,0.6881,상승,강한 녹색,78,24,balanced,1,62,0.7035,0.0895,0.1384,1.8698,0.1384,0.1384,7.2621
2025-10-28,상승,강한 녹색,78,25,balanced,1,1,53,normal,0,0,0,85.3,0.5051,중립,녹색 대기,74,27,balanced,0.6,45,0.4744,1.8698,1.6273,1.1501,1.6273,1.6273,1.396
2025-10-29,상승,강한 녹색,78,25,balanced,1,1,58,normal,0,0,0,85.3,0.5799,상승,강한 녹색,76,25,balanced,1,53,0.5658,1.1501,1.0219,0.6685,1.0219,1.0219,3.205
2025-10-30,상승,강한 녹색,77,27,balanced,1,1,49,normal,0,0,0,85.3,0.488,중립,녹색 대기,72,28,balanced,0.6,41,0.4568,0.6685,1.3065,3.0765,1.3065,1.3065,-2.8315
2025-10-31,상승,강한 녹색,78,25,balanced,1,1,54,normal,0,0,0,85.3,0.5299,중립,녹색 대기,75,27,balanced,0.6,45,0.5069,3.0765,2.8019,-1.5783,2.8019,2.8019,-2.8819
2025-11-03,상승,강한 녹색,78,25,balanced,1,1,53,normal,0,0,0,85.3,0.5314,중립,녹색 대기,75,27,balanced,0.6,45,0.5149,-1.5783,-5.1889,-2.8386,-5.1889,-5.1889,-1.4731
2025-11-04,중립,녹색 대기,72,30,balanced,1,0.6,34,normal,0,0,0,85.3,0.2255,중립,녹색 대기,61,35,balanced,0.6,15,0.1455,-2.8386,3.4789,1.625,3.4789,3.4789,2.8092
2025-11-05,상승,약한 녹색,76,27,balanced,1,1,44,normal,0,0,0,85.3,0.4296,중립,녹색 대기,69,30,balanced,0.6,29,0.4083,1.625,-4.7268,-2.2549,-4.7268,-4.7268,-1.348
2025-11-06,중립,녹색 대기,74,28,balanced,1,0.6,40,normal,0,0,0,85.3,0.2226,중립,녹색 대기,65,32,balanced,0.6,22,0.1464,-2.2549,1.256,2.4297,1.256,1.256,-0.0384
2025-11-07,중립,녹색 대기,75,27,balanced,1,0.6,40,normal,0,0,0,85.3,0.2885,중립,녹색 대기,67,31,balanced,0.6,22,0.2146,2.4297,4.2422,1.2747,4.2422,4.2422,-0.4066
2025-11-10,상승,강한 녹색,78,25,balanced,1,1,56,normal,0,0,0,85.3,0.5517,상승,강한 녹색,76,26,balanced,1,51,0.5368,1.2747,-1.0675,-0.6417,-1.0675,-1.0675,-5.4887
2025-11-11,상승,약한 녹색,75,27,balanced,1,1,43,normal,0,0,0,85.3,0.4248,중립,녹색 대기,70,30,balanced,0.6,32,0.381,-0.6417,-0.7367,0.0962,-0.7367,-0.7367,-6.3377
2025-11-12,상승,강한 녹색,78,26,balanced,1,1,55,normal,0,0,0,85.3,0.516,중립,녹색 대기,75,26,balanced,0.6,49,0.4918,0.0962,-3.5243,-5.2883,-3.5243,-3.5243,-2.7729
2025-11-13,중립,녹색 대기,62,36,balanced,1,0.6,19,normal,0,0,0,85.3,0.0752,중립,중립,51,41,balanced,0.6,-2,-0.0444,-5.2883,0.8721,2.4059,0.8721,0.8721,-6.0092
2025-11-14,중립,녹색 대기,62,34,balanced,1,0.6,19,normal,0,0,0,85.3,0.0575,중립,중립,57,37,balanced,0.6,9,-0.0349,2.4059,-1.0919,-3.1314,-1.0919,-1.0919,-5.314
2025-11-17,중립,중립,50,44,balanced,0.8,0.6,4,normal,0,0,0,85.3,-0.1101,중립,중립,45,45,balanced,0.6,-9,-0.2484,-3.1314,-1.9533,-0.7039,-1.9533,-1.9533,-1.3493
2025-11-18,중립,중립,50,45,balanced,0.8,0.6,11,normal,0,0,0,85.3,0.0256,중립,중립,43,48,balanced,0.6,-3,-0.0205,-0.7039,3.0674,2.9563,3.0674,3.0674,0.1261
2025-11-19,중립,녹색 대기,64,35,balanced,1,0.6,15,normal,0,0,0,85.3,0.1556,중립,중립,61,37,balanced,0.6,7,0.1255,2.9563,-6.7099,-5.9311,-6.7099,-6.7099,-1.1485
2025-11-20,중립,위험 경계,32,64,balanced,0.75,0.6,-23,normal,1,0,0,85.3,-0.1872,중립,위험 경계,32,61,balanced,0.6,-29,-0.299,-5.9311,1.5937,0.7686,1.5937,1.5937,6.3741
2025-11-21,중립,중립,44,50,balanced,0.8,0.6,-8,normal,0,0,0,85.3,-0.131,중립,위험 경계,42,51,balanced,0.6,-17,-0.2172,0.7686,3.0571,2.1882,3.0571,3.0571,4.8628
2025-11-24,중립,녹색 대기,62,38,balanced,1,0.6,14,normal,0,0,0,85.3,0.453,중립,중립,61,39,balanced,0.6,12,0.4797,2.1882,-0.4609,1.5315,-0.4609,-0.4609,0.2833
2025-11-25,중립,녹색 대기,68,33,balanced,1,0.6,26,normal,0,0,0,85.3,0.447,중립,녹색 대기,67,34,balanced,0.6,24,0.4587,1.5315,1.7419,1.1513,1.7419,1.7419,2.8193
2025-11-26,중립,녹색 대기,72,30,balanced,1,0.6,30,normal,0,0,0,85.3,0.3704,중립,녹색 대기,71,31,balanced,0.6,27,0.3735,1.1513,0.3295,-0.5735,0.3295,0.3295,1.9081
2025-11-27,중립,녹색 대기,72,30,balanced,1,0.6,30,normal,0,0,0,85.3,0.3763,중립,녹색 대기,71,30,balanced,0.6,28,0.3762,-0.5735,0.152,-0.8465,0.152,0.152,1.5617
2025-11-28,중립,녹색 대기,73,30,balanced,1,0.6,33,normal,0,0,0,85.3,0.5234,중립,녹색 대기,68,32,balanced,0.6,26,0.5396,-0.8465,-1.4458,1.7153,-1.4458,-1.4458,3.5463
2025-12-01,중립,녹색 대기,68,33,balanced,1,0.6,29,normal,0,0,0,85.3,0.3608,중립,녹색 대기,60,36,balanced,0.6,20,0.3728,1.7153,2.059,1.4608,2.059,2.059,5.3075
2025-12-02,중립,녹색 대기,76,28,balanced,1,0.6,41,normal,0,0,0,85.3,0.5163,중립,녹색 대기,73,29,balanced,0.6,36,0.5554,1.4608,0.8599,-0.1038,0.8599,0.8599,3.3359
2025-12-03,중립,녹색 대기,76,28,balanced,1,0.6,38,normal,0,0,0,85.3,0.4428,중립,녹색 대기,69,31,balanced,0.6,26,0.4596,-0.1038,-0.0212,1.9396,-0.0212,-0.0212,3.1416
2025-12-04,중립,녹색 대기,73,30,balanced,1,0.6,30,normal,0,0,0,85.3,0.295,중립,녹색 대기,71,29,balanced,0.6,32,0.2776,1.9396,2.114,0.8592,2.114,2.114,2.5606
2025-12-05,중립,녹색 대기,72,31,trend,1,0.6,29,normal,0,0,0,85.3,0.3245,중립,녹색 대기,67,31,trend,0.6,26,0.3328,0.8592,0.2004,-0.3582,0.2004,0.2004,-1.743
2025-12-08,중립,녹색 대기,72,32,trend,1,0.6,26,normal,0,0,0,85.3,0.2203,중립,녹색 대기,69,31,trend,0.6,25,0.1931,-0.3582,0.1635,0.3236,0.1635,0.1635,-2.4524
2025-12-09,중립,녹색 대기,73,30,trend,1,0.6,29,normal,0,0,0,85.3,0.2697,중립,녹색 대기,68,30,trend,0.6,27,0.2822,0.3236,0.6786,-0.3497,0.6786,0.6786,-3.2984
2025-12-10,중립,녹색 대기,75,29,trend,1,0.6,33,normal,0,0,0,85.3,0.361,중립,녹색 대기,72,30,trend,0.6,32,0.3897,-0.3497,-0.5937,1.1194,-0.5937,-0.5937,-5.3603
2025-12-11,중립,녹색 대기,76,30,trend,1,0.6,33,normal,0,0,0,85.3,0.3531,중립,녹색 대기,74,28,trend,0.6,37,0.3788,1.1194,-2.1675,-2.8423,-2.1675,-2.1675,-3.084
2025-12-12,중립,녹색 대기,69,32,trend,1,0.6,25,normal,0,0,0,85.3,0.2511,중립,녹색 대기,67,32,trend,0.6,25,0.2311,-2.8423,-0.5335,-2.049,-0.5335,-0.5335,0.6592
2025-12-15,중립,녹색 대기,65,36,trend,1,0.6,17,normal,0,0,0,85.3,0.1451,중립,녹색 대기,65,31,trend,0.6,26,0.1324,-2.049,-0.7086,1.4496,-0.7086,-0.7086,2.0785
2025-12-16,중립,녹색 대기,69,31,balanced,1,0.6,24,normal,0,0,0,85.3,0.3217,중립,녹색 대기,70,29,balanced,0.6,34,0.3552,1.4496,-1.4401,-1.8885,-1.4401,-1.4401,2.7623
2025-12-17,중립,중립,51,44,balanced,0.8,0.6,0,normal,0,0,0,85.3,-0.1019,중립,중립,49,43,balanced,0.6,-1,-0.1702,-1.8885,1.8054,1.0239,1.8054,1.8054,3.1056
2025-12-18,중립,중립,60,39,balanced,0.8,0.6,2,normal,0,0,0,85.3,-0.0375,중립,중립,62,36,balanced,0.6,9,-0.0334,1.0239,1.6116,2.4725,1.6116,1.6116,1.9274
2025-12-19,중립,녹색 대기,75,29,trend,1,0.6,33,normal,0,0,0,85.3,0.3587,중립,녹색 대기,73,28,trend,0.6,38,0.4149,2.4725,0.8503,-0.0328,0.8503,0.8503,0.6342
2025-12-22,중립,녹색 대기,75,29,trend,1,0.6,35,normal,0,0,0,85.3,0.3558,중립,녹색 대기,74,27,trend,0.6,42,0.3974,-0.0328,-0.1051,-0.9228,-0.1051,-0.1051,0.1
2025-12-23,상승,강한 녹색,77,27,trend,1,1,46,normal,0,0,0,85.3,0.5817,상승,강한 녹색,76,25,trend,1,54,0.6528,-0.9228,-1.0739,0.2806,-1.0739,-1.0739,4.8234
2025-12-24,상승,약한 녹색,77,27,trend,1,1,43,normal,0,0,0,85.3,0.5419,상승,강한 녹색,76,25,trend,1,54,0.6373,0.2806,0.6286,1.3607,0.6286,0.6286,7.9473
2025-12-26,상승,강한 녹색,78,25,trend,1,1,54,normal,0,0,0,85.3,0.6247,상승,강한 녹색,78,24,trend,1,66,0.7194,1.3607,0.3683,-0.1306,0.3683,0.3683,9.653
2025-12-29,상승,강한 녹색,78,25,trend,1,1,53,normal,0,0,0,85.3,0.7108,상승,강한 녹색,77,24,trend,1,66,0.833,-0.1306,0.2647,2.8895,0.2647,0.2647,7.9631
2025-12-30,상승,강한 녹색,78,26,trend,1,1,50,normal,0,0,0,85.3,0.5825,상승,강한 녹색,77,24,trend,1,63,0.6862,2.8895,4.5355,3.4325,4.5355,4.5355,7.3162
2026-01-02,상승,강한 녹색,78,26,trend,1,1,56,normal,0,0,0,85.3,0.7334,상승,강한 녹색,78,24,trend,1,66,0.8169,3.4325,1.9542,0.6971,1.9542,1.9542,4.7078
2026-01-05,상승,강한 녹색,78,25,trend,1,1,60,normal,0,0,0,85.3,0.69,상승,강한 녹색,78,23,trend,1,71,0.7588,0.6971,2.2122,0.778,2.2122,2.2122,4.1097
2026-01-06,상승,강한 녹색,79,25,trend,1,1,59,normal,0,0,0,85.3,0.6254,상승,강한 녹색,78,24,trend,1,70,0.6946,0.778,-1.1218,-0.0924,-1.1218,-1.1218,1.8305
2026-01-07,상승,강한 녹색,77,26,trend,1,1,51,normal,0,0,0,85.3,0.6123,상승,강한 녹색,76,25,trend,1,57,0.6682,-0.0924,-0.297,-0.2252,-0.297,-0.297,3.9091
2026-01-08,상승,약한 녹색,73,29,trend,1,1,42,normal,0,0,0,85.3,0.3009,중립,녹색 대기,72,28,trend,0.6,45,0.2874,-0.2252,1.9808,1.5799,1.9808,1.9808,5.7205
2026-01-09,상승,강한 녹색,78,25,trend,1,1,57,normal,0,0,0,85.3,0.6633,상승,강한 녹색,77,24,trend,1,63,0.7183,1.5799,1.3813,1.2778,1.3813,1.3813,3.9905
2026-01-12,상승,강한 녹색,78,26,trend,1,1,55,normal,0,0,0,85.3,0.6443,상승,강한 녹색,78,24,trend,1,64,0.6958,1.2778,-0.0964,1.4211,-0.0964,-0.0964,3.2962
2026-01-13,상승,강한 녹색,77,27,trend,1,1,49,normal,0,0,0,85.3,0.5124,상승,강한 녹색,75,26,trend,1,52,0.5347,1.4211,0.8958,0.4024,0.8958,0.8958,0.6684
2026-01-14,상승,강한 녹색,77,27,trend,1,1,45,normal,0,0,0,85.3,0.3356,중립,녹색 대기,75,26,trend,0.6,49,0.3261,0.4024,1.4592,1.1196,1.4592,1.4592,3.7335
2026-01-15,상승,강한 녹색,78,25,trend,1,1,56,normal,0,0,0,85.3,0.4201,상승,강한 녹색,78,24,trend,1,63,0.4271,1.1196,0.3368,0.7268,0.3368,0.3368,1.7277
2026-01-16,상승,강한 녹색,77,27,trend,1,1,48,normal,0,0,0,85.3,0.4744,상승,강한 녹색,75,26,trend,1,51,0.4917,0.7268,0.676,-1.122,0.676,0.676,0.3407
2026-01-19,상승,약한 녹색,74,29,balanced,1,1,44,normal,0,0,0,85.3,0.2335,중립,녹색 대기,72,28,balanced,0.6,45,0.21,-1.122,-2.5896,0.262,-2.5896,-2.5896,-0.9575
2026-01-20,중립,녹색 대기,68,36,balanced,1,0.6,26,normal,0,0,0,85.3,0.005,중립,녹색 대기,59,36,balanced,0.6,16,-0.0735,0.262,3.9104,1.2771,3.9104,3.9104,5.9295
2026-01-21,상승,강한 녹색,78,27,trend,1,1,49,normal,0,0,0,85.3,0.3088,상승,강한 녹색,76,26,trend,1,51,0.302,1.2771,-0.4323,-0.062,-0.4323,-0.4323,4.5046
2026-01-22,상승,강한 녹색,78,26,trend,1,1,50,normal,0,0,0,85.3,0.4446,상승,강한 녹색,76,26,trend,1,51,0.4631,-0.062,-1.0257,-1.2229,-1.0257,-1.0257,4.1495
2026-01-23,상승,강한 녹색,76,27,trend,1,1,46,normal,0,0,0,85.3,0.354,중립,녹색 대기,73,27,trend,0.6,48,0.3646,-1.2229,-0.6381,2.4485,-0.6381,-0.6381,4.2068
2026-01-26,상승,강한 녹색,77,26,trend,1,1,51,normal,0,0,0,85.3,0.5121,상승,강한 녹색,76,25,trend,1,57,0.5557,2.4485,4.0686,2.3867,4.0686,4.0686,5.0692
2026-01-27,상승,강한 녹색,77,26,trend,1,1,51,normal,0,0,0,85.3,0.5815,상승,강한 녹색,76,25,trend,1,55,0.6277,2.3867,2.4666,1.2947,2.4666,2.4666,2.1078
2026-01-28,상승,강한 녹색,77,26,balanced,1,1,52,normal,0,0,0,85.3,0.5566,상승,강한 녹색,76,25,balanced,1,55,0.6057,1.2947,-0.7356,0.4416,-0.7356,-0.7356,-1.6839
2026-01-29,상승,강한 녹색,75,28,trend,1,1,45,normal,0,0,0,85.3,0.2244,중립,녹색 대기,71,28,trend,0.6,44,0.1892,0.4416,-0.9936,-5.3562,-0.9936,-0.9936,-4.7868
2026-01-30,중립,녹색 대기,71,31,trend,1,0.6,35,normal,0,0,0,85.3,0.1164,중립,녹색 대기,66,32,trend,0.6,31,0.0646,-5.3562,0.2247,6.1449,0.2247,0.2247,1.589
2026-02-02,상승,약한 녹색,75,28,trend,1,1,43,normal,0,0,0,85.3,0.2565,중립,녹색 대기,73,26,trend,0.6,48,0.2432,6.1449,1.2032,0.5448,1.2032,1.2032,2.5453
2026-02-03,중립,녹색 대기,73,31,trend,1,0.6,36,normal,0,0,0,85.3,0.0956,중립,녹색 대기,69,29,trend,0.6,32,0.0219,0.5448,-1.3526,-3.5857,-1.3526,-1.3526,0.2383
2026-02-04,중립,녹색 대기,71,33,trend,1,0.6,35,normal,0,0,0,85.3,0.0477,중립,녹색 대기,67,31,trend,0.6,32,-0.0419,-3.5857,-3.847,-1.6894,-3.847,-3.847,3.2749
2026-02-05,중립,녹색 대기,68,38,balanced,1,0.6,23,normal,0,0,0,85.3,-0.0678,중립,중립,56,40,balanced,0.6,5,-0.1878,-1.6894,5.7445,4.535,5.7445,5.7445,6.8313
2026-02-06,상승,강한 녹색,77,27,trend,1,1,45,normal,0,0,0,85.3,0.2881,중립,녹색 대기,75,26,trend,0.6,47,0.2706,4.535,1.073,-0.1693,1.073,1.073,3.3316
2026-02-09,상승,강한 녹색,77,26,trend,1,1,50,normal,0,0,0,85.3,0.2916,중립,녹색 대기,75,26,trend,0.6,47,0.2531,-0.1693,-1.0439,0.1797,-1.0439,-1.0439,2.7141
2026-02-10,상승,강한 녹색,78,25,trend,1,1,52,normal,0,0,0,85.3,0.3069,상승,강한 녹색,77,25,trend,1,54,0.2793,0.1797,1.6249,1.7394,1.6249,1.6249,6.229
2026-02-11,상승,강한 녹색,78,26,trend,1,1,51,normal,0,0,0,85.3,0.3141,상승,강한 녹색,76,25,trend,1,53,0.3031,1.7394,-0.5599,-0.7498,-0.5599,-0.5599,4.9823
2026-02-12,중립,녹색 대기,72,32,balanced,1,0.6,34,normal,0,0,0,85.3,-0.0206,중립,녹색 대기,64,32,balanced,0.6,23,-0.1217,-0.7498,2.2407,2.3316,2.2407,2.2407,9.1296
2026-02-13,중립,녹색 대기,73,33,trend,1,0.6,31,normal,0,0,0,85.3,0.0234,중립,녹색 대기,64,34,trend,0.6,16,-0.0615,2.3316,0.4581,1.4298,0.4581,0.4581,7.2731
2026-02-19,중립,녹색 대기,73,33,trend,1,0.6,33,normal,0,0,0,85.3,0.0155,중립,녹색 대기,65,34,trend,0.6,18,-0.0718,1.4298,2.2544,1.276,2.2544,2.2544,7.7953
2026-02-20,상승,약한 녹색,76,28,trend,1,1,44,normal,0,0,0,85.3,0.1892,중립,녹색 대기,73,27,trend,0.6,41,0.1372,1.276,0.4611,1.8627,0.4611,0.4611,4.7864
2026-02-23,중립,녹색 대기,70,37,balanced,1,0.6,28,normal,0,0,0,85.3,-0.0483,중립,중립,56,40,balanced,0.6,7,-0.1602,1.8627,3.2824,0.9334,3.2824,3.2824,-3.0262
2026-02-24,상승,강한 녹색,77,27,trend,1,1,51,normal,0,0,0,85.3,0.2518,상승,강한 녹색,75,26,trend,1,50,0.2126,0.9334,0.5581,3.9556,0.5581,0.5581,-4.0075
2026-02-25,상승,강한 녹색,78,26,trend,1,1,52,normal,0,0,0,85.3,0.4168,상승,강한 녹색,76,26,trend,1,51,0.4201,3.9556,0.9012,-1.0705,0.9012,0.9012,-4.9288
2026-02-26,중립,녹색 대기,72,32,trend,1,0.6,38,normal,0,0,0,94.1,0.2272,중립,녹색 대기,69,30,trend,0.6,35,0.1781,-1.0485,-0.5187,-5.1452,-0.5187,-0.5187,-10.1119
2026-02-27,중립,녹색 대기,69,33,trend,1,0.6,33,normal,0,0,0,94.1,-0.04,중립,녹색 대기,66,32,trend,0.6,30,-0.1142,-5.1452,-7.0205,-7.8039,-7.0205,-7.0205,-5.3401
2026-03-03,중립,중립,45,51,balanced,0.8,0.6,1,normal,0,0,0,94.1,-0.2591,중립,중립,39,53,balanced,0.6,-12,-0.3857,-7.8039,2.3219,8.0533,2.3219,2.3219,3.7579
2026-03-04,중립,녹색 대기,65,35,balanced,1,0.6,14,normal,0,0,0,94.1,0.0713,중립,중립,62,35,balanced,0.6,8,0.0364,8.0533,-0.6057,0.1321,-0.6057,-0.6057,-0.2001
2026-03-05,중립,중립,56,41,balanced,0.8,0.6,5,normal,0,0,0,94.1,-0.1703,중립,중립,51,42,balanced,0.6,-6,-0.3036,0.1321,-4.5395,-5.6362,-4.5395,-4.5395,-1.5859
2026-03-06,중립,위험 경계,28,67,stress,0.75,0.6,-29,normal,1,0,0,94.1,-0.3693,중립,위험 경계,28,63,stress,0.6,-33,-0.5151,-5.6362,4.9679,5.0057,4.9679,4.9679,5.0719
2026-03-09,중립,위험 경계,46,53,balanced,0.75,0.6,-17,normal,1,0,0,94.1,-0.1366,중립,위험 경계,41,54,balanced,0.6,-26,-0.2225,5.0057,1.8829,0.6554,1.8829,1.8829,3.2314
2026-03-10,중립,중립,61,42,balanced,0.8,0.6,4,normal,0,0,0,94.1,-0.1187,중립,중립,57,41,balanced,0.6,-5,-0.2257,0.6554,-1.5631,-0.13,-1.5631,-1.5631,1.7889
2026-03-11,중립,중립,54,44,balanced,0.8,0.6,0,normal,0,0,0,94.1,-0.1308,중립,중립,50,43,balanced,0.6,-10,-0.2693,-0.13,-2.0108,-0.7207,-2.0108,-2.0108,3.7841
2026-03-12,중립,위험 경계,30,66,balanced,0.75,0.6,-29,normal,1,0,0,94.1,-0.38,중립,위험 경계,30,64,balanced,0.6,-38,-0.5342,-0.7207,1.8903,1.4067,1.8903,1.8903,8.5057
2026-03-13,중립,위험 경계,36,59,balanced,0.75,0.6,-24,normal,2,0,0,94.1,-0.292,중립,위험 경계,37,56,balanced,0.6,-30,-0.4178,1.4067,3.1275,0.68,3.1275,3.1275,2.5635
2026-03-16,중립,녹색 대기,70,31,balanced,1,0.6,27,normal,0,0,0,94.1,0.2693,중립,녹색 대기,64,33,balanced,0.6,15,0.2485,0.68,0.4703,4.4075,0.4703,0.4703,0.8322
2026-03-17,중립,녹색 대기,68,31,balanced,1,0.6,25,normal,0,0,0,94.1,0.1156,중립,중립,60,36,balanced,0.6,7,0.0359,4.4075,0.3479,-0.9547,0.3479,0.3479,0.9746
2026-03-18,중립,위험 경계,38,56,balanced,0.75,0.6,-17,normal,2,0,0,94.1,-0.1498,중립,위험 경계,36,56,balanced,0.6,-29,-0.2692,-0.9547,2.3825,0.6986,2.3825,2.3825,-0.1941
2026-03-19,중립,중립,47,48,balanced,0.8,0.6,-1,normal,1,0,0,94.1,-0.2559,중립,위험 경계,37,54,balanced,0.6,-23,-0.4274,0.6986,-3.6118,-4.8888,-3.6118,-3.6118,-7.4649
2026-03-20,중립,위험 경계,30,67,ratePressure,0.75,0.6,-35,normal,2,0,0,94.1,-0.3211,중립,위험 경계,29,64,balanced,0.6,-41,-0.4801,-4.8888,1.3561,1.619,1.3561,1.3561,-6.3614
2026-03-23,중립,위험 경계,35,61,balanced,0.75,0.6,-23,normal,2,0,0,94.1,-0.1885,중립,위험 경계,34,60,balanced,0.6,-33,-0.3306,1.619,0.621,2.0033,0.621,0.621,-9.157
2026-03-24,하락,약한 빨간색,34,61,ratePressure,0.05,0.2,-23,normal,2,0,0,94.1,-0.0869,중립,위험 경계,33,59,balanced,0.6,-30,-0.2023,2.0033,-0.829,-2.3549,-0.829,-0.829,-5.7723
2026-03-25,하락,약한 빨간색,42,56,ratePressure,0.05,0.2,-17,normal,1,0,0,94.1,0.0656,중립,위험 경계,42,52,balanced,0.6,-20,-0.0188,-2.3549,-5.0891,-2.0011,-5.0891,-5.0891,-1.7635
2026-03-26,중립,위험 경계,24,73,ratePressure,0.75,0.6,-46,normal,2,0,0,94.1,-0.3633,하락,강한 빨간색,24,73,balanced,0.2,-56,-0.5268,-2.0011,-2.4222,-2.9078,-2.4222,-2.4222,1.0622
2026-03-27,중립,위험 경계,22,76,stress,0.75,0.6,-52,elevated,3,0,0,94.1,-0.4764,중립,위험 경계,22,77,stress,0.6,-64,-0.6506,-2.9078,-1.7081,-3.4111,-1.7081,-1.7081,4.1657
2026-03-30,중립,위험 경계,22,76,stress,0.75,0.6,-52,elevated,3,0,0,94.1,-0.4459,하락,강한 빨간색,22,76,stress,0.2,-58,-0.5949,-3.4111,4.4249,6.889,4.4249,4.4249,8.4154
2026-03-31,중립,위험 경계,33,63,ratePressure,0.75,0.6,-36,normal,2,0,0,97.1,-0.1452,중립,위험 경계,35,63,balanced,0.6,-35,-0.178,6.8986,3.4775,-2.9065,3.4775,3.4775,7.3936
2026-04-01,중립,중립,48,51,ratePressure,0.8,0.6,-11,normal,1,0,0,97.1,-0.1067,중립,위험 경계,43,55,balanced,0.6,-21,-0.212,-2.9065,-2.1031,2.8594,-2.1031,-2.1031,5.0388
2026-04-02,중립,위험 경계,30,65,ratePressure,0.75,0.6,-29,normal,1,0,0,97.1,-0.4309,중립,위험 경계,28,69,balanced,0.6,-43,-0.5832,2.8594,0.5438,0.9013,0.5438,0.5438,8.3287
2026-04-03,중립,위험 경계,34,61,ratePressure,0.75,0.6,-25,normal,1,0,0,97.1,-0.4066,중립,위험 경계,30,66,balanced,0.6,-42,-0.6099,0.9013,2.109,-0.0284,2.109,2.109,6.7424
2026-04-06,중립,위험 경계,37,60,ratePressure,0.75,0.6,-21,normal,1,0,0,97.1,-0.3211,중립,위험 경계,31,65,balanced,0.6,-39,-0.4998,-0.0284,3.286,6.3574,3.286,3.286,9.5222
2026-04-07,중립,위험 경계,37,59,ratePressure,0.75,0.6,-24,normal,2,0,0,97.1,-0.1807,중립,위험 경계,31,65,balanced,0.6,-40,-0.295,6.3574,1.2203,-0.8451,1.2203,1.2203,8.5562
2026-04-08,중립,녹색 대기,76,28,ratePressure,0.9,0.6,41,normal,0,0,0,97.1,0.3925,중립,녹색 대기,68,33,balanced,0.6,22,0.375,-0.8451,0.91,1.8843,0.91,0.91,8.2066
2026-04-09,중립,녹색 대기,75,28,ratePressure,0.9,0.6,41,normal,0,0,0,97.1,0.484,중립,녹색 대기,66,32,balanced,0.6,24,0.4732,1.8843,-0.9073,0.6629,-0.9073,-0.9073,8.1601
2026-04-10,중립,녹색 대기,77,26,ratePressure,0.9,0.6,54,normal,0,0,0,97.1,0.6845,중립,녹색 대기,74,27,balanced,0.6,47,0.7159,0.6629,4.735,2.7337,4.735,4.735,9.5063
2026-04-13,중립,녹색 대기,77,27,ratePressure,0.9,0.6,50,normal,0,0,0,97.1,0.6027,중립,녹색 대기,72,29,balanced,0.6,39,0.6225,2.7337,2.4198,2.3509,2.4198,2.4198,5.7853
2026-04-14,상승,강한 녹색,79,24,balanced,1,1,63,normal,0,0,0,100,0.7687,상승,강한 녹색,77,24,balanced,1,64,0.8231,2.1785,0.8301,1.6478,0.8301,0.8301,4.6756
2026-04-15,상승,강한 녹색,79,24,balanced,1,1,62,normal,0,0,0,100,0.815,상승,강한 녹색,77,24,balanced,1,64,0.8628,1.6478,1.1696,0.4652,1.1696,1.1696,7.0076
2026-04-16,상승,강한 녹색,78,25,balanced,1,1,55,normal,0,0,0,100,0.7061,상승,강한 녹색,75,26,balanced,1,53,0.7437,0.4652,0.2674,0.5602,0.2674,0.2674,6.0077
2026-04-17,상승,강한 녹색,79,25,balanced,1,1,60,normal,0,0,0,100,0.7985,상승,강한 녹색,77,24,balanced,1,61,0.8467,0.5602,1.1347,2.1726,1.1347,1.1347,8.7615
2026-04-20,상승,강한 녹색,77,26,balanced,1,1,56,normal,0,0,0,100,0.6302,상승,강한 녹색,74,26,balanced,1,54,0.6515,2.1726,1.2175,1.1744,1.2175,1.2175,10.4172
2026-04-21,상승,강한 녹색,78,25,balanced,1,1,60,normal,0,0,0,100,0.7308,상승,강한 녹색,76,25,balanced,1,62,0.7844,1.1744,3.0715,1.5955,3.0715,3.0715,6.4287
2026-04-22,상승,강한 녹색,79,24,balanced,1,1,65,normal,0,0,0,100,0.8202,상승,강한 녹색,78,23,balanced,1,70,0.8971,1.5955,0.2089,1.4046,0.2089,0.2089,5.5663
2026-04-23,상승,강한 녹색,77,26,balanced,1,1,57,normal,0,0,0,100,0.7461,상승,강한 녹색,75,25,balanced,1,59,0.8012,1.4046,2.7323,3.1013,2.7323,2.7323,7.7453
2026-04-24,상승,강한 녹색,79,24,balanced,1,1,63,normal,0,0,0,100,0.8082,상승,강한 녹색,77,24,balanced,1,65,0.8742,3.1013,2.5022,-0.2958,2.5022,2.5022,12.0112
2026-04-27,상승,강한 녹색,77,25,balanced,1,1,55,normal,0,0,0,100,0.7784,상승,강한 녹색,75,25,balanced,1,58,0.8607,-0.2958,-2.3508,0.123,-2.3508,-2.3508,12.2656
2026-04-28,상승,강한 녹색,77,26,balanced,1,1,54,normal,0,0,0,100,0.6981,상승,강한 녹색,74,26,balanced,1,56,0.7544,0.123,2.333,0.6212,2.333,2.333,11.9513
2026-04-29,상승,강한 녹색,77,26,balanced,1,1,53,normal,0,0,0,100,0.7186,상승,강한 녹색,74,26,balanced,1,51,0.7806,0.6212,2.2022,5.9165,2.2022,2.2022,15.7946
2026-04-30,상승,강한 녹색,78,25,balanced,1,1,57,normal,0,0,0,100,0.7426,상승,강한 녹색,76,25,balanced,1,59,0.8099,5.9165,6.9052,5.0679,6.9052,6.9052,16.3081
2026-05-04,상승,강한 녹색,76,28,balanced,1,1,52,normal,0,0,0,100,0.6323,상승,강한 녹색,72,27,balanced,1,51,0.6687,5.0679,2.7725,1.1411,2.7725,2.7725,5.0229
2026-05-06,상승,강한 녹색,79,24,balanced,1,1,69,normal,0,0,0,100,0.8504,상승,강한 녹색,78,23,balanced,1,77,0.9354,1.1411,-2.5724,0.6229,-2.5724,-2.5724,6.9015
2026-05-07,상승,강한 녹색,78,25,balanced,1,1,56,normal,0,0,0,100,0.7087,상승,강한 녹색,76,25,balanced,1,60,0.7672,0.6229,5.8719,3.919,5.8719,5.8719,9.3687
2026-05-08,상승,강한 녹색,78,25,balanced,1,1,61,normal,0,0,0,100,0.7836,상승,강한 녹색,77,24,balanced,1,64,0.847,3.919,2.6426,-0.2564,2.6426,2.6426,-2.7539
2026-05-11,상승,강한 녹색,77,26,balanced,1,1,59,normal,0,0,0,100,0.7703,상승,강한 녹색,75,25,balanced,1,60,0.8158,-0.2564,-3.465,1.7817,-3.465,-3.465,-4.5449
2026-05-12,상승,강한 녹색,77,26,balanced,1,1,54,normal,0,0,0,100,0.7872,상승,강한 녹색,75,25,balanced,1,55,0.8388,1.7817,4.4838,0.0348,4.4838,4.4838,-3.5072
2026-05-13,상승,강한 녹색,78,25,balanced,1,1,64,normal,0,0,0,100,0.8154,상승,강한 녹색,77,24,balanced,1,66,0.8625,0.0348,-0.458,-4.1025,-0.458,-0.458,-4.4925
2026-05-14,상승,강한 녹색,78,25,balanced,1,1,59,normal,0,0,0,100,0.7645,상승,강한 녹색,77,25,balanced,1,61,0.8052,-4.1025,-5.9077,-0.1264,-5.9077,-5.9077,0.7674